ID,Name,Shopping List Name,Nährwerte pro 100g,Kilokalorien,Kilojoule,Protein,Fett,Kohlenhydrate,davon Zucker,Ballaststoffe,Fettsäuren pro 100g,Gesättigte Fettsäuren,Einfach ungesättigte Fettsäuren,Mehrfach ungesättigte Fettsäuren,Cholesterin,Vitamine pro 100g,Vitamin A,Vitamin C,Vitamin D,Vitamin E,Vitamin K,Vitamin B1,Vitamin B2,Vitamin B6,Vitamin B12,Biotin,Folsäure,Niacin,Panthotensäure,Mineralstoffe pro 100g,Calcium [Ca],Chlor [Cl],Kalium [K],Magnesium [Mg],Natrium [Na],Phosphor [P],Schwefel [S],Spurenelemente pro 100g,Kupfer [Cu],Eisen [Fe],Fluor [F],Mangan [Mn],Jod [J],Zink [Zn],Aminosäuren pro 100g,Alanin,Arginin,Aspargin,Asparginsäure,Cystein,Glutamin,Glutaminsäure,Glycerin,Histidin,Isoleucin,weitere Aminosäuren,Leucin,Lysin,Methionin,Phenylalanin,Prolin,Serin,Threonin,Tryptophan,Tyrosin,Valin,Compatible with vegetarian,Compatible with vegan,Compatible with pescetarian,Compatible with Paleo,Compatible with lactose intolerance,Compatible with fructose intolerance,Compatible with histamine intolerance,Compatible with gluten intolerance,Compatible with glutamat intolerance,Compatible with saccharose intolerance,Compatible with peanut intolerance,Compatible with almond intolerance,Compatible with haselnut intolerance,Compatible with walnut intolerance,Compatible with cashew intolerance,Compatible with pecan nut intolerance,Compatible with Brazil nut intolerance,Compatible with pistachio intolerance,Compatible with banana intolerance,Compatible with avocade intolerance,Compatible with apple intolerance,Compatible with kiwi fruit intolerance,Compatible with melon intolerance,Compatible with papaya intolerance,Compatible with peach intolerance,Compatible with strawberry intolerance,Is snack,Is fatburner,Price level,Synonym of,Exchangeable with (1:n),Food Category,Shopping List Category,Source
,,,,kcal,kJ,g,g,g,g,g,,g,g,g,g,,mg,mg,mg,mg,mg,mg,mg,mg,mg,mg,mg,mg,mg,,mg,mg,mg,mg,mg,mg,mg,,µg,µg,µg,µg,µg,µg,,mg,mg,mg,mg,mg,mg,mg,mg,mg,mg,,mg,mg,mg,mg,mg,mg,mg,mg,mg,mg,,,,,,,,,,,,,,,,,,,,,,,,,,,,,,,,,,
2,Ajvar,Ajvar (Paprika-Paste),,86,360,"1,2",5,"8,5","4,5",,,,,,,,,,,,,,,,,,,,,,,,,,,,,,,,,,,,,,,,,,,,,,,,,,,,,,,,,,1,1,1,0,1,0,1,1,0,1,1,1,1,1,1,1,1,1,1,1,1,1,1,1,1,1,0,0,2,Ajvar,0,Gemüse,Sonstiges,https://www.yazio.com/de/kalorientabelle/ajvar-paprika-paste.html
3,Apfel,Apfel,,50,208,"0,3","0,4",11,"7,2","1,9",0,"0,1",0,"0,2",0,0,0,"11,3",0,"0,5",0,0,0,"0,1",0,0,0,"0,2","0,1",0,-,-,-,-,-,-,-,0,-,-,-,-,-,-,0,15,7,54,108,1,12,25,8,6,11,0,17,16,3,9,10,12,7,2,5,12,1,1,1,1,1,0,1,1,1,1,1,1,1,1,1,1,1,1,1,1,0,1,1,1,1,1,1,0,2,Apfel,Birne,Obst,Obst,lexolino
4,Apfelessig,Apfelessig,,4,17,"0,4",0,"0,6","0,6",0,0,0,0,0,0,0,0,0,0,0,0,0,0,0,0,0,0,0,0,0,6,47,108,22,1,9,21,0,37,606,19,258,1,186,0,8,19,24,7,4,153,45,6,3,6,0,4,8,1,4,27,10,26,1,2,8,1,1,1,0,1,0,1,1,1,1,1,1,1,1,1,1,1,1,1,1,0,1,1,1,1,1,0,0,2,Apfelessig,"Olivenöl,Rapsöl,Sesamöl,Sonnenblumenöl",Fette & Speiseöle,Sonstiges,lexolino
5,Artischocke,Artischocke,,20,85,"2,3","0,1","2,4","2,1","11,2",0,0,0,"0,1",0,0,0,"8,5",0,"0,2",0,"0,1",0,"0,1",0,0,0,1,"0,3",0,52,38,326,24,43,138,15,0,333,1635,49,414,4,62,0,119,89,191,233,23,299,364,62,36,99,0,153,131,28,68,90,78,83,24,45,89,1,1,1,1,1,1,1,1,1,1,1,1,1,1,1,1,1,1,1,1,1,1,1,1,1,1,0,0,2,Artischocke,0,Gemüse,Gemüse,lexolino
6,Avocado,Avocado,,228,953,"1,8","23,5","0,4","0,4","3,3",0,"3,6","16,8","2,2",0,0,0,"12,4",0,"1,2",0,"0,1","0,1","0,5",0,0,0,"1,1",1,0,10,6,468,31,3,40,20,0,221,636,19,1,2,392,0,116,56,150,273,20,105,190,85,30,70,0,119,90,39,66,76,80,58,23,46,94,1,1,1,1,1,1,1,1,1,1,1,1,1,1,1,1,1,1,1,0,1,1,1,1,1,1,0,1,3,Avocado,0,Obst,Gemüse,lexolino
7,Backpulver,Backpulver,,90,380,"0,1",0,22,,0,,,,,,,,,,,,,,,,,,,,,,,,,,,,,,,,,,,,,,,,,,,,,,,,,,,,,,,,,1,1,1,0,1,1,1,1,1,1,1,1,1,1,1,1,1,1,1,1,1,1,1,1,1,1,0,0,2,Backpulver,0,"Getreideprodukte, Nährmittel, Backwaren",Backwaren,
8,Balsamico,Balsamico,,135,570,0,0,33,30,,,0,,,,,,,,,,,,,,,,,,,,,,,50,,,,,,,,,,,,,,,,,,,,,,,,,,,,,,,,1,1,1,0,1,0,0,1,1,1,1,1,1,1,1,1,1,1,1,1,1,1,1,1,1,1,0,0,2,Balsamico,0,Gewürze & Kräuter,Gewürze & Kräuter,
9,Banane gegart,Banane,,98,410,"1,2","0,2","22,5","8,4","2,1",0,"0,1",0,"0,1",0,0,0,"7,1",0,"0,3",0,0,"0,1","0,3",0,0,0,"0,6","0,2",0,11,120,361,37,1,30,13,0,147,580,23,580,3,243,0,50,59,156,115,2,138,102,42,77,37,0,90,60,9,38,44,50,40,20,22,57,1,1,1,0,1,1,1,1,1,1,1,1,1,1,1,1,1,1,0,1,1,1,1,1,1,1,1,1,2,Banane,0,Obst,Obst,lexolino
10,Barbecuesauce,Barbecuesauce,,132,552,"1,8","0,1","30,5",4,2,0,0,0,0,0,0,"0,1","11,8",0,"1,7",0,"0,1","0,1","0,1",0,0,0,"1,4","0,3",0,42,2106,486,38,1190,47,43,0,264,918,18,347,3,470,0,58,69,71,207,17,183,536,47,32,53,0,80,85,12,53,50,57,53,14,37,54,1,1,1,0,1,0,1,1,0,1,1,1,1,1,1,1,1,1,1,1,1,1,1,1,1,1,0,0,2,Barbecuesauce,0,Gewürze & Kräuter,Gewürze & Kräuter,lexolino
11,Basilikum,Basilikum,,42,177,"3,2","0,8","5,3","3,8","3,2",0,"0,2",0,"0,4",0,0,"0,7","27,6",0,"1,1","0,3","0,1","0,3","0,2",0,0,0,"1,1","0,2",0,243,36,294,11,9,39,17,0,211,5940,69,514,0,735,0,143,130,384,313,33,547,445,89,48,123,0,177,153,37,94,120,86,100,29,59,114,1,1,1,1,1,1,1,1,1,1,1,1,1,1,1,1,1,1,1,1,1,1,1,1,1,1,0,0,2,Basilikum,0,Gewürze & Kräuter,Gewürze & Kräuter,lexolino
12,Birne,Birne,,60,250,"0,4","0,3","12,2","12,2","2,3",0,"0,04","0,05","0,11",0,,"0,375",5,0,"0,5",,"0,03","0,03","0,02",0,,10,"0,2","0,1",,10,2,125,7,2,13,5,,"0,2",,,"0,771","0,126",244,0,-,-,-,-,-,-,-,-,-,-,0,-,-,-,-,-,-,-,-,-,-,1,1,1,1,1,0,1,1,1,1,1,1,1,1,1,1,1,1,1,1,1,1,1,1,1,1,1,0,2,Birne,0,Obst,Obst,lexolino
13,Blattspinat,Blattspinat,,15,64,"2,5","0,3","0,6","0,2","2,6",0,0,0,"0,2",0,0,"0,8","52,5",0,"1,4","0,3","0,1","0,2","0,2",0,0,"0,1","0,6","0,2",0,134,53,652,56,65,51,20,0,127,4469,117,498,12,613,0,139,135,118,236,29,155,309,117,54,110,0,192,167,43,117,103,104,116,36,93,147,1,1,1,1,1,1,1,1,1,1,1,1,1,1,1,1,1,1,1,1,1,1,1,1,1,1,0,1,1,Blattspinat,0,Gemüse,Gemüse,lexolino
14,Blumenkohl,Blumenkohl,,22,91,"2,4","0,3","2,3",2,"2,6",0,"0,1",0,"0,2",0,0,0,"75,2",0,"0,1","0,2","0,1","0,1","0,2",0,0,0,"0,6","0,9",0,21,30,344,18,16,56,51,0,45,624,13,175,0,209,0,119,122,124,268,28,138,298,79,46,110,0,152,134,114,91,116,137,94,32,49,135,1,1,1,1,1,1,1,1,1,1,1,1,1,1,1,1,1,1,1,1,1,1,1,1,1,1,0,1,1,Blumenkohl,0,Gemüse,Gemüse,lexolino
15,Blumenkohl gegart,Blumenkohl gegart,,20,83,"2,5","0,3","1,7","1,5","2,8",0,0,0,"0,1",0,0,0,38,0,"0,1","0,2","0,1","0,1","0,1",0,0,0,"0,4","0,7",0,23,28,256,15,12,55,50,0,38,609,12,165,0,226,0,131,99,210,251,25,268,321,80,47,105,0,165,129,106,80,103,123,86,28,46,137,1,1,1,1,1,1,1,1,1,1,1,1,1,1,1,1,1,1,1,1,1,1,1,1,1,1,0,1,1,Blumenkohl,0,Gemüse,Gemüse,lexolino
16,Bohnen grün,Bohnen grün,,25,103,"2,4","0,2","3,1","0,9","3,2",0,0,0,"0,1",0,0,"0,1",20,0,"0,1",0,"0,1","0,1","0,3",0,0,0,"0,6","0,5",0,57,21,226,27,2,38,18,0,80,888,13,384,3,326,0,104,103,252,287,26,232,264,86,48,103,0,137,137,32,88,98,134,87,30,62,128,1,1,1,1,1,1,1,1,1,1,1,1,1,1,1,1,1,1,1,1,1,1,1,1,1,1,0,1,1,Bohnen,0,Gemüse,Gemüse,lexolino
17,Bohnen grün gegart,grüne Bohnen,,24,101,"2,4","0,2",3,"0,9",3,0,"0,1",0,"0,1",0,0,"0,1","13,2",0,"0,1",0,"0,1","0,1","0,2",0,0,0,"0,4","0,4",0,66,18,187,24,2,36,17,0,87,829,13,379,3,372,0,113,99,231,292,23,202,255,96,56,91,0,154,137,31,91,102,137,93,30,61,138,1,1,1,1,1,1,1,1,1,1,1,1,1,1,1,1,1,1,1,1,1,1,1,1,1,1,0,1,1,Bohnen,0,Gemüse,Gemüse,lexolino
18,Bratwurst,Bratwurst,,286,1198,"13,1","24,9","0,3","0,2",0,0,"9,2","11,4",3,"0,1",0,0,"0,1",0,"0,3",0,"0,5","0,1","0,3",0,0,0,"1,9","0,3",0,11,1061,192,17,728,107,105,0,58,761,36,73,2,1250,0,698,743,387,1125,138,720,2091,660,443,611,0,914,976,329,518,522,530,499,141,452,572,0,0,0,1,1,0,1,1,0,1,1,1,1,1,1,1,1,1,1,1,1,1,1,1,1,1,0,0,2,Bratwurst,Bratwurst grob,Fleisch,Fleisch & Fisch,lexolino
19,Bratwurst grob,Bratwurst grob,,328,1374,"17,7","27,4","0,3","0,2","0,1",0,"9,6","12,5","3,1","0,1",0,0,"0,1",0,"0,3",0,"0,6","0,2","0,4",0,0,0,"2,6","0,5",0,8,936,162,26,700,73,160,0,69,1078,49,106,1,1667,0,913,883,857,1543,212,1446,2603,855,502,755,0,1048,1364,374,658,791,664,658,177,550,879,0,0,0,1,1,0,1,1,0,1,1,1,1,1,1,1,1,1,1,1,1,1,1,1,1,1,0,0,2,Bratwurst,Bratwurst,Fleisch,Fleisch & Fisch,lexolino
20,Broccoli,Broccoli,,24,101,"3,1","0,2","2,4","1,9",3,0,0,0,"0,1",0,0,"0,2",107,0,"0,6","0,1","0,1","0,2","0,2",0,0,"0,1","1,1","1,3",0,109,82,384,24,18,87,126,0,132,1274,11,242,14,629,0,132,181,265,255,32,423,406,94,51,133,0,160,155,42,129,135,114,113,31,68,150,1,1,1,1,1,1,1,1,1,1,1,1,1,1,1,1,1,1,1,1,1,1,1,1,1,1,0,1,1,Broccoli,0,Gemüse,Gemüse,lexolino
21,Broccoli gegart,Broccoli gegart,,22,93,"3,3","0,2","1,7","1,4","2,7",0,0,0,"0,1",0,0,"0,1","59,9",0,"0,7","0,1","0,1","0,1","0,1",0,0,0,"0,7","0,9",0,119,67,307,22,14,85,114,0,138,1105,9,254,13,562,0,127,179,412,231,32,659,369,101,50,122,0,137,161,38,111,119,98,117,30,61,162,1,1,1,1,1,1,1,1,1,1,1,1,1,1,1,1,1,1,1,1,1,1,1,1,1,1,0,1,1,Broccoli,0,Gemüse,Gemüse,lexolino
22,Brühwürfel,Brühwürfel,,145,605,"16,2",4,"10,3","1,1",0,0,"1,6","2,1","0,1",0,0,0,0,0,"0,1",0,"0,2","0,2",0,0,0,0,"3,5",0,0,223,37000,465,52,27250,700,204,0,646,1960,32,108,3,202,0,1202,914,718,1083,52,1407,2122,1767,408,412,0,712,857,204,541,1499,685,589,73,286,619,1,1,1,0,1,1,1,1,1,1,1,1,1,1,1,1,1,1,1,1,1,1,1,1,1,1,0,0,2,Brühwürfel,0,Gewürze & Kräuter,Gewürze & Kräuter,lexolino
23,Butter,Butter,,787,3292,"0,7","83,9","0,6",0,0,0,"49,5","26,1","3,1","0,2",0,"0,7","0,2",0,"2,1","0,1",0,0,0,0,0,0,0,0,0,13,21,15,3,5,21,9,0,14,83,139,38,4,244,0,23,23,10,47,5,27,126,14,15,40,0,63,49,14,31,61,38,25,10,30,39,0,0,1,1,0,1,1,1,1,1,1,1,1,1,1,1,1,1,1,1,1,1,1,1,1,1,0,0,2,Butter,Magarine,Milch & Milchprodukte,Milchprodukte,lexolino
24,Butterkäse,Butterkäse,,321,1342,"22,8","24,5",0,0,0,0,"15,3",7,"0,9","0,1",0,"0,3",0,0,"0,7",0,0,"0,3","0,1",0,0,0,"0,1","0,8",0,765,1122,83,38,736,412,197,0,118,396,127,52,34,4280,0,580,709,257,1251,83,933,4535,371,490,1085,0,1958,1579,524,1106,2578,1117,863,293,1161,1312,0,0,0,1,0,1,1,1,1,1,1,1,1,1,1,1,1,1,1,1,1,1,1,1,1,1,0,0,2,Butterkäse,"Edamer,Emmentaler,Gouda,Schafskäse",Käse & Käsezubereitungen,Aufschnitt,lexolino
25,Butterschmalz,Butterschmalz,,866,3625,"0,3","92,8",0,0,0,0,"55,5","27,9","3,8","0,4",0,1,0,0,"3,7",0,0,0,0,0,0,0,0,0,0,7,26,3,1,2,1,1,0,10,200,28,5,0,187,0,8,7,5,17,2,16,52,5,6,14,0,22,18,5,12,22,13,10,3,12,16,0,0,0,1,0,1,1,1,1,1,1,1,1,1,1,1,1,1,1,1,1,1,1,1,1,1,0,0,2,Butterschmalz,0,Milch & Milchprodukte,Milchprodukte,lexolino
26,Cashewmus,Cashewmus,,618,2588,"17,56","49,41","26,8",,"0,76",,"10,96","32,31","3,97",0,,0,0,0,4,0,"0,31","0,19","0,25",,"0,025","0,068",,"1,2",,43,18,546,258,15,457,200,,2190,5030,140,840,1,5160,,706,1765,,,318,,3671,,353,936,,1288,706,282,794,689,847,618,371,582,,1,1,1,1,1,0,1,1,1,1,1,1,1,1,0,1,1,1,1,1,1,1,1,1,1,1,0,1,3,Cashewmus,Mandelmus,Nüsse & Samen,Sonstiges,http://www.ernaehrung.de/lebensmittel/de/F960800/Cashewmus-pur.php
27,Cashewnuss,Cashewnuss,,544,2277,"15,9","38,8",29,"1,6","2,9",0,"8,7","25,1","3,1",0,0,0,0,0,"0,7",0,"0,6","0,3","0,4",0,0,0,"2,2","1,2",0,29,19,569,262,13,394,200,0,3811,2604,143,840,10,2148,0,651,1763,45,1565,334,8,3531,869,336,909,0,1265,735,291,756,683,882,558,342,601,1178,1,1,1,1,1,0,1,1,1,1,1,1,1,1,0,1,1,1,1,1,1,1,1,1,1,1,1,1,3,Cashewnuss,0,Nüsse & Samen,Sonstiges,lexolino
28,Cayennepfeffer,Cayennepfeffer,,335,1402,"11,2","16,6","33,3","30,3","25,9",0,"3,1","2,9","7,7",0,0,"3,8","79,8",0,0,0,"0,3","0,9",0,0,0,0,"8,2",0,0,152,188,1913,163,27,267,104,0,856,7254,400,500,5,2430,0,662,578,795,1656,119,822,1714,504,166,371,0,576,552,185,382,428,485,327,125,238,475,1,1,1,1,1,1,1,1,1,1,1,1,1,1,1,1,1,1,1,1,1,1,1,1,1,1,0,0,2,Cayennepfeffer,Pfeffer,Gewürze & Kräuter,Gewürze & Kräuter,lexolino
29,Cevapcici,Cevapcici,,170,700,18,10,1,1,"0,5",,4,,,,,,,,,,,,,,,,,,,,,,,800,,,,,,,,,,,,,,,,,,,,,,,,,,,,,,,,0,0,0,1,1,0,1,1,0,1,1,1,1,1,1,1,1,1,1,1,1,1,1,1,1,1,0,0,2,Cevapcici,0,Fleisch,Fleisch & Fisch,
30,Champignon gegart,Champignon gegart,,30,120,"3,54","0,329","1,34","0,366","2,32",,"0,0549","0,00549","0,171",0,,"1,02","2,67","2,3","0,12",,"0,095","0,46","0,098",0,,22,"3,9","2,2",0,"8,28","77,6",354,"11,1","6,05",122,,0,"1,04",,,"20,9","0,558",-,-,-,-,-,-,-,-,-,-,-,-,-,-,-,-,-,-,-,-,-,-,-,1,1,1,1,1,1,1,1,1,1,1,1,1,1,1,1,1,1,1,1,1,1,1,1,1,1,0,1,2,Champignons,0,Gemüse,Gemüse,lexolino
31,Champignon Konserve,Champignon Konserve,,15,61,"2,6","0,2","0,5","0,1",2,0,"0,1",0,"0,1",0,0,0,"1,1",0,"0,1",0,"0,1","0,3",0,0,0,0,"3,2",1,0,18,510,322,14,309,100,29,0,348,1034,43,69,18,490,0,125,198,327,123,16,523,197,63,48,97,0,120,163,25,75,136,77,83,22,63,81,1,1,1,1,1,1,0,1,1,1,1,1,1,1,1,1,1,1,1,1,1,1,1,1,1,1,0,1,2,Champignons,0,Gemüse,Gemüse,lexolino
32,Cheddar,Cheddar,,428,1793,"24,7","35,2",0,0,0,0,"22,3","9,5","1,3","0,1",0,"0,4",0,0,"0,9",0,0,"0,4","0,1",0,0,0,"0,1","0,4",0,815,654,96,23,645,515,235,0,30,432,150,43,42,4120,0,707,799,106,1259,122,439,5236,401,785,1390,0,2135,1736,602,1113,2690,1258,922,334,1079,1587,0,0,0,1,0,1,1,1,0,1,1,1,1,1,1,1,1,1,1,1,1,1,1,1,1,1,0,0,2,Cheddar,0,Käse & Käsezubereitungen,Aufschnitt,lexolino
33,Chiasamen,Chiasamen,,475,1955,22,33,"2,3",,40,,"0,5","2,1",26,,,,,,"3,1",,"0,59","0,46",,,,"0,044",,,,689,,835,394,39,,,,,9400,,,,5100,,,,,,,,,,,,,,,,,,,,,,,1,1,1,1,1,1,1,1,1,1,1,1,1,1,1,1,1,1,1,1,1,1,1,1,1,1,0,0,3,Chiasamen,0,Gewürze & Kräuter,Gewürze & Kräuter,"http://www.ernaehrung.de/lebensmittel/de/DAVERT265/Chiasamen,-Davert.php"
34,Chicorée,Chicorée,,16,69,"1,4","0,2","2,2",2,"1,3",0,0,0,"0,1",0,0,"0,5",9,0,"0,1","0,2","0,1",0,"0,1",0,0,0,"0,2","0,4",0,24,27,211,14,4,25,13,0,133,673,71,315,1,200,0,58,64,149,136,8,173,157,49,22,87,0,88,64,17,61,66,44,46,13,36,66,1,1,1,1,1,1,1,1,1,1,1,1,1,1,1,1,1,1,1,1,1,1,1,1,1,1,0,0,2,Chicorée,0,Gemüse,Gemüse,lexolino
35,Chili rot,Chili (rot),,341,1428,"12,5","16,9","32,6","30,9","24,7",0,"3,5","2,5","8,3",0,0,4,"80,6",0,0,0,"0,4","0,8",0,0,0,0,"9,4",0,0,149,200,1974,141,32,308,98,0,744,7566,368,495,5,2356,0,763,508,1361,1800,127,1308,1730,466,194,349,0,630,630,171,428,445,437,306,131,254,442,1,1,1,1,1,1,1,1,1,1,1,1,1,1,1,1,1,1,1,1,1,1,1,1,1,1,0,0,3,rote Chili,0,Gewürze & Kräuter,Gewürze & Kräuter,lexolino
36,Chilipulver,Chilipulver,,322,1348,"11,7","16,6","31,3","29,7","24,4",,,,,,,,,,,,,,,,,,,,,,,,,,,,,,,,,,,,,,,,,,,,,,,,,,,,,,,,,1,1,1,1,1,1,1,1,1,1,1,1,1,1,1,1,1,1,1,1,1,1,1,1,1,1,0,0,3,Chilipulver,0,Gewürze & Kräuter,Gewürze & Kräuter,http://fddb.info/db/de/lebensmittel/sonnentor_chilipulver/index.html
37,Chilisauce,Chilisauce,,187,783,"0,5","0,6",45,,,,,,,,,,,,,,,,,,,,,,,,,,,,,,,,,,,,,,,,,,,,,,,,,,,,,,,,,,,1,1,1,1,1,0,1,1,0,1,1,1,1,1,1,1,1,1,1,1,1,1,1,1,1,1,0,0,3,Chilisauce,0,Gewürze & Kräuter,Gewürze & Kräuter,http://fddb.info/db/de/lebensmittel/diverse_thai_chilisauce_von_lienying/index.html
38,Cocktailtomaten,Cocktailtomaten,,19,80,1,"0,2",3,"2,9",1,,,,,,,"0,08",25,,"0,81",,"0,06","0,04","0,1",,,,,,,14,60,242,13,,26,11,,100,"0,3",20,100,1,"0,2",,,,,,,,,,,,,,,,,,,,,,,1,1,1,1,1,0,1,1,1,1,1,1,1,1,1,1,1,1,1,1,1,1,1,1,1,1,1,0,2,Cocktailtomaten,0,Gemüse,Gemüse,http://fddb.info/db/de/lebensmittel/naturprodukt_cocktailtomaten_rot/index.html
39,Corned Beef,Corned Beef,,141,590,"20,6","6,1",0,0,0,0,"2,6","2,7","0,3","0,1",0,0,0,0,"0,1",0,0,"0,1","0,1",0,0,0,3,"0,4",0,31,1400,135,15,900,134,0,0,259,2450,126,28,3,3720,0,1251,1482,40,1897,249,1,3680,1012,672,1151,0,1828,1847,516,854,837,804,1022,222,738,1274,0,0,0,1,1,0,1,1,0,1,1,1,1,1,1,1,1,1,1,1,1,1,1,1,1,1,0,0,2,Corned Beef,0,Fleisch,Fleisch & Fisch,lexolino
40,Crème fraîche,Crème fraîche,,,,,,,,,,,,,,,,,,,,,,,,,,,,,,,,,,,,,,,,,,,,,,,,,,,,,,,,,,,,,,,,,0,0,0,1,0,1,1,1,1,1,1,1,1,1,1,1,1,1,1,1,1,1,1,1,1,1,0,0,2,Crème fraîche,Créme legère,Milch & Milchprodukte,Milchprodukte,
41,Créme legère,Créme legère,,,,,,,,,,,,,,,,,,,,,,,,,,,,,,,,,,,,,,,,,,,,,,,,,,,,,,,,,,,,,,,,,0,0,0,1,0,1,1,1,1,1,1,1,1,1,1,1,1,1,1,1,1,1,1,1,1,1,0,0,2,Créme legère,Crème fraîche,Milch & Milchprodukte,Milchprodukte,
42,Curry,Curry,,302,1263,"10,2","8,4","44,7","35,4","10,1",0,"2,1","2,3","2,1",0,0,"0,5","16,7",0,0,0,"0,2","0,3","0,1",0,0,0,4,"0,3",0,219,3337,1769,176,1905,287,98,0,492,31147,117,6648,5,3341,0,323,470,1349,1165,77,1534,1324,293,185,375,0,539,479,106,335,298,349,256,83,217,478,1,1,1,1,1,1,1,1,1,1,1,1,1,1,1,1,1,1,1,1,1,1,1,1,1,1,0,0,2,Curry,0,Gewürze & Kräuter,Gewürze & Kräuter,lexolino
43,Currypaste,Currypaste,,,,,,,,,,,,,,,,,,,,,,,,,,,,,,,,,,,,,,,,,,,,,,,,,,,,,,,,,,,,,,,,,1,1,1,1,1,1,1,1,0,1,1,1,1,1,1,1,1,1,1,1,1,1,1,1,1,1,0,0,2,Currypaste,0,Gewürze & Kräuter,Gewürze & Kräuter,
44,Dijonsenf,Dijonsenf,,,,,,,,,,,,,,,,,,,,,,,,,,,,,,,,,,,,,,,,,,,,,,,,,,,,,,,,,,,,,,,,,1,1,1,1,1,0,1,1,0,1,1,1,1,1,1,1,1,1,1,1,1,1,1,1,1,1,0,0,3,Dijonsenf,0,Gewürze & Kräuter,Gewürze & Kräuter,
45,Dill,Dill,,56,233,"3,9","0,8","7,9","6,4","5,7",0,"0,1",0,"0,5",0,0,"1,1","70,7",0,"1,7","0,3","0,2","0,4","0,3",0,0,0,"2,4","0,3",0,239,68,628,27,29,88,49,0,238,5995,67,2565,3,1728,0,181,154,424,348,34,648,532,98,55,149,0,235,202,48,117,157,121,120,37,68,157,1,1,1,1,1,1,1,1,1,1,1,1,1,1,1,1,1,1,1,1,1,1,1,1,1,1,0,0,2,Dill,0,Gewürze & Kräuter,Gewürze & Kräuter,lexolino
46,Dinkelmehl (Vollkorn),Dinkelmehl (Vollkorn),,345,1450,"9,5","1,6","67,5","0,5",10,,"0,3",,,,,,,,,,,,,,,,,,,,,,,3,,,,,,,,,,,,,,,,,,,,,,,,,,,,,,,,1,1,1,0,1,1,1,0,1,1,1,1,1,1,1,1,1,1,1,1,1,1,1,1,1,1,0,0,2,Dinkelmehl (Vollkorn),Weizenmehl,"Getreideprodukte, Nährmittel, Backwaren",Backwaren,
47,Edamer,Edamer,,367,1535,"24,1","28,9",0,0,0,0,"17,7","8,5",1,"0,1",0,"0,3",0,0,"0,4",0,0,"0,3","0,1",0,0,0,"0,1","0,4",0,728,873,104,35,594,594,251,0,106,309,109,40,36,3838,0,657,802,32,1661,97,23,5494,373,587,1341,0,2239,1990,599,1142,2649,1380,1088,322,1178,1671,0,0,0,1,0,1,1,1,0,1,1,1,1,1,1,1,1,1,1,1,1,1,1,1,1,1,0,0,2,Edamer,"Edamer,Emmentaler,Gouda,Schafskäse",Käse & Käsezubereitungen,Aufschnitt,lexolino
48,Edamer Fettstufe,Edamer Fettstufe,,317,1325,"26,6","22,4",0,0,0,0,"13,2",7,"0,8","0,1",0,"0,3",0,0,"0,7",0,0,"0,3","0,1",0,0,0,"0,1","0,4",0,776,945,97,37,588,556,216,0,101,343,107,38,31,4240,0,719,784,90,1537,104,341,5837,439,558,1451,0,2257,2036,630,1279,2845,1438,1070,308,1370,1529,0,0,0,1,0,1,1,1,0,1,1,1,1,1,1,1,1,1,1,1,1,1,1,1,1,1,0,0,2,Edamer,"Edamer,Emmentaler,Gouda,Schafskäse",Käse & Käsezubereitungen,Aufschnitt,lexolino
49,Eier,Eier,,170,713,13,"12,3","0,7","0,7",0,0,"3,5","4,7","1,6","0,4",0,"0,3",0,0,"2,2","0,1","0,1","0,3","0,1",0,0,0,"0,1","1,6",0,58,175,138,13,144,231,191,0,144,1911,119,32,11,1323,0,696,859,87,1296,298,110,1641,432,279,779,0,1114,684,372,755,439,834,671,188,492,1003,0,0,0,1,1,1,1,1,1,1,1,1,1,1,1,1,1,1,1,1,1,1,1,1,1,1,0,0,2,Eier,0,Eier,Fleisch & Fisch,lexolino
50,Eisbergsalat,Eisbergsalat,,13,55,1,"0,2","1,7","1,2","1,7",0,0,0,"0,1",0,0,"0,6","3,8",0,"0,6","0,1","0,1",0,0,0,0,0,"0,2","0,1",0,19,40,168,7,12,20,17,0,28,475,94,160,2,211,0,43,50,92,100,8,113,123,39,17,64,0,63,48,12,46,55,36,39,12,28,52,1,1,1,1,1,1,1,1,1,1,1,1,1,1,1,1,1,1,1,1,1,1,1,1,1,1,0,0,2,Eisbergsalat,0,Gemüse,Gemüse,lexolino
51,Eiweißpulver,Eiweißpulver,,,,,,,,,,,,,,,,,,,,,,,,,,,,,,,,,,,,,,,,,,,,,,,,,,,,,,,,,,,,,,,,,0,0,0,1,1,0,1,1,1,1,1,1,1,1,1,1,1,1,1,1,1,1,1,1,1,1,0,0,2,Eiweißpulver,0,"Getreideprodukte, Nährmittel, Backwaren",Backwaren,
52,Emmentaler,Emmentaler,,400,1673,"31,3","29,3",0,0,0,0,"17,8","8,6","1,1","0,1",0,"0,4",0,0,"0,6",0,"0,1","0,4","0,1",0,0,0,"0,1","0,4",0,1144,576,92,41,300,756,202,0,655,300,152,41,37,4968,0,806,985,430,1655,153,1676,6449,461,878,1765,0,2751,1997,627,1426,3062,1402,1201,384,1439,1736,0,0,0,1,0,1,1,1,0,1,1,1,1,1,1,1,1,1,1,1,1,1,1,1,1,1,0,0,2,Emmentaler,"Edamer,Emmentaler,Gouda,Schafskäse",Käse & Käsezubereitungen,Aufschnitt,lexolino
53,Erdbeere,Erdbeere,,28,116,"0,8","0,4","5,1","4,5","1,9",0,0,"0,1","0,2",0,0,0,"68,9",0,"0,1",0,0,0,"0,1",0,0,0,"0,5","0,3",0,26,13,149,16,3,24,14,0,116,1027,23,212,1,112,0,45,36,45,196,7,31,132,33,16,17,0,43,35,1,25,28,35,24,14,28,25,1,1,1,1,1,0,1,1,1,1,1,1,1,1,1,1,1,1,1,1,1,1,1,1,1,0,0,0,3,Erdbeere,0,Gemüse,Gemüse,lexolino
54,Erdnussbutter,Erdnussbutter,,627,2622,"27,1","49,9","12,7",0,"8,1",0,"9,3",26,"12,3",0,0,0,0,0,"6,9",0,"0,1","0,1","0,6",0,"0,1",0,"15,5","1,3",0,59,504,760,196,230,369,369,0,637,1940,20,1642,0,3180,0,1028,2897,565,2937,264,1011,5262,1592,699,967,0,1917,949,235,1240,1167,1409,627,279,1008,1091,1,1,1,1,1,0,1,1,1,1,0,1,1,1,1,1,1,1,1,1,1,1,1,1,1,1,0,1,3,Erdnussbutter,0,Nüsse & Samen,Sonstiges,lexolino
55,Erdnussöl,Erdnussöl,,918,3840,0,"98,4","0,2",0,0,0,"16,9","48,5","28,7",0,0,0,0,0,"11,1",0,0,0,0,0,0,0,0,0,0,1,1,1,1,1,1,0,0,3,67,0,2,0,9,0,0,0,19,0,0,44,0,0,0,0,0,0,0,0,0,0,0,0,0,0,0,1,1,1,0,1,0,1,1,1,1,0,1,1,1,1,1,1,1,1,1,1,1,1,1,1,1,0,0,3,Erdnussöl,"Olivenöl,Rapsöl,Sesamöl,Sonnenblumenöl,Butter,Magarine",Fette & Speiseöle,Sonstiges,lexolino
56,Fenchelsamen,Fenchelsamen,,348,1455,"17,2",14,"36,2","31,6","16,2",0,"0,5",9,"1,8",0,0,0,"5,3",0,"0,7","0,3","0,4","0,3","0,1",0,0,0,"6,6","0,2",0,1148,76,1660,370,84,453,52,0,1166,17798,64,1410,3,3478,0,719,713,754,1705,203,1378,3115,1166,294,674,0,990,735,306,600,814,929,564,276,395,892,1,1,1,1,1,1,1,1,1,1,1,1,1,1,1,1,1,1,1,1,1,1,1,1,1,1,0,0,2,Fenchelsamen,0,Gewürze & Kräuter,Gewürze & Kräuter,lexolino
57,Feta,Feta-Käse,,238,998,"15,8","18,7",0,0,0,0,12,"4,7","0,9",0,0,"0,2",0,0,"0,5",0,0,"0,3","0,1",0,0,0,"0,2","0,5",0,419,1729,144,27,1235,364,200,0,74,702,112,33,24,1900,0,748,511,16,890,82,21,2746,111,441,944,0,1616,1414,391,815,1609,1282,726,219,790,1291,0,0,0,1,0,1,1,1,1,1,1,1,1,1,1,1,1,1,1,1,1,1,1,1,1,1,0,0,2,Feta,Hüttenkäse Magerstufe,Käse & Käsezubereitungen,Milchprodukte,lexolino
58,Fisch gegart,Fisch gegart,,99,414,"21,7","1,1",0,0,0,0,"0,1","0,3","0,3","0,1",0,0,"0,7",0,"0,4",0,0,"0,2","0,2",0,0,0,"2,9","0,3",0,16,216,308,27,91,191,246,0,49,525,40,19,168,720,0,1337,1177,841,2067,196,1132,2785,926,565,1023,0,1629,1921,537,882,752,942,989,230,745,1062,0,0,1,1,1,1,1,1,1,1,1,1,1,1,1,1,1,1,1,1,1,1,1,1,1,1,0,0,2,Fisch,"Lachs,Lachs geräuchert,Lachsfilet,Seelachs",Fisch,Fleisch & Fisch,lexolino
59,Fleischbrühe,Fleischbrühe,,152,634,"16,7",4,"11,6","1,2",0,0,"1,8","1,8","0,1",0,0,0,0,0,"0,1",0,"0,2","0,2",0,0,0,0,3,0,0,225,39960,500,53,25000,756,192,0,667,1940,32,106,3,186,0,1357,885,883,1261,46,1399,1999,1940,344,438,0,837,857,200,530,1428,633,559,68,275,721,0,0,0,1,1,0,1,1,0,1,1,1,1,1,1,1,1,1,1,1,1,1,1,1,1,1,0,0,2,Fleischbrühe,Hühnerbrühe/- boullion gekörnt,Fleisch,Fleisch & Fisch,lexolino
60,Fleischtomate,Tomate,,15,65,"0,9","0,2","2,4","2,3","0,9",0,0,0,"0,1",0,0,"0,1",26,0,"0,8",0,"0,1",0,"0,1",0,0,0,"0,5","0,3",0,15,56,223,13,6,24,10,0,63,520,23,146,1,175,0,32,24,30,122,8,87,359,25,13,25,0,35,35,6,25,17,29,25,7,12,25,1,1,1,1,1,0,1,1,1,1,1,1,1,1,1,1,1,1,1,1,1,1,1,1,1,1,0,0,2,Fleischtomate,0,Gemüse,Gemüse,lexolino
61,Frischkäse,Frischkäse,,363,1517,"11,4","32,8","2,6",0,0,0,"20,3","9,5","1,2","0,1",0,"0,3","0,2",0,"0,7",0,0,"0,2","0,1",0,0,0,"0,1","0,5",0,85,599,96,8,354,150,120,0,12,86,12,5,8,378,0,321,374,64,743,53,194,2230,174,300,630,0,1076,866,238,481,1271,623,410,133,546,713,0,0,0,1,0,1,1,1,1,1,1,1,1,1,1,1,1,1,1,1,1,1,1,1,1,1,0,0,2,Frischkäse,0,Käse & Käsezubereitungen,Aufschnitt,lexolino
62,Frischkäse Doppelrahmstufe,Frischkäse Doppelrahmstufe,,341,1426,"10,7","30,8","2,6",0,0,0,18,"9,8","1,1","0,1",0,"0,3","0,2",0,"0,7",0,0,"0,2","0,1",0,0,0,"0,1","0,4",0,89,581,93,6,322,152,112,0,14,74,13,6,8,417,0,288,334,36,668,55,24,2115,181,329,588,0,1014,784,261,486,1295,578,460,144,476,620,0,0,0,1,0,1,1,1,1,1,1,1,1,1,1,1,1,1,1,1,1,1,1,1,1,1,0,0,2,Frischkäse,0,Käse & Käsezubereitungen,Aufschnitt,lexolino
63,Frühlingszwiebel / Lauchzwiebel,Frühlingszwiebel / Lauchzwiebel,,42,174,"0,9","0,3","8,5",,"2,8",,,,,,,0,25,0,"0,25",,"0,13","0,06","0,2",0,,,,,,140,,230,11,,24,50,,100,1200,,200,,1000,,,,,,,,,,,,,,,,,,,,,,,1,1,1,1,1,1,1,1,1,1,1,1,1,1,1,1,1,1,1,1,1,1,1,1,1,1,0,0,2,Frühlingszwiebel,0,Gemüse,Gemüse,http://fddb.info/db/de/lebensmittel/naturprodukt_fruehlingszwiebel___lauchzwiebel_frisch/index.html
64,Garnelen,Garnelen,,99,415,"19,3","1,8",-,0,0,0,"0,3","0,3","0,6","0,1",0,0,"2,1",0,"3,8",0,"0,1",0,"0,1",0,0,0,"2,6","0,3",0,51,93,200,36,149,217,309,0,282,1785,105,49,122,2185,0,1254,1517,164,2112,219,212,2739,1207,293,827,0,1512,1538,521,726,877,1014,827,221,683,832,0,0,0,1,1,1,1,1,1,1,1,1,1,1,1,1,1,1,1,1,1,1,1,1,1,1,0,0,3,Garnelen,0,Schalentiere & Krustentiere,Tiefgekühltes,lexolino
65,Geflügel,Geflügel,,164,688,"18,3","9,7",-,0,0,0,"3,2","3,8","2,1","0,1",0,0,0,0,"0,1",0,"0,1","0,2","0,5",0,0,0,"6,5","0,9",0,12,71,237,21,71,152,190,0,155,735,30,22,9,1030,0,989,1367,6,1934,241,0,3254,1053,543,994,0,1448,1660,512,740,887,732,794,206,655,993,0,0,0,1,1,1,1,1,1,1,1,1,1,1,1,1,1,1,1,1,1,1,1,1,1,1,0,0,2,Geflügel,Pute,Fleisch,Fleisch & Fisch,lexolino
66,Gemüse,Gemüse,,16,67,"0,9","0,2","2,6","2,2",1,0,0,0,"0,1",0,0,"0,1","23,3",0,"0,9",0,"0,1",0,"0,1",0,0,0,"0,5","0,3",0,13,60,244,13,6,25,12,0,63,480,23,139,1,183,0,30,22,25,130,9,59,308,23,12,25,0,37,37,6,23,19,27,29,9,13,22,1,1,1,1,1,1,1,1,1,1,1,1,1,1,1,1,1,1,1,1,1,1,1,1,1,1,0,0,2,Gemüse,0,Gemüse,Gemüse,lexolino
67,Gemüsebrühe,Gemüsebrühe,,10,40,"0,4","0,7",0,"0,1","0,1",,"0,4","0,2","0,1",0,,,,,,,,,,,,,,,,,,,,420,,,,,,,,,,,,,,,,,,,,,,,,,,,,,,,,1,1,1,1,1,1,1,1,1,1,1,1,1,1,1,1,1,1,1,1,1,1,1,1,1,1,0,0,2,Gemüsebrühe,0,Gewürze & Kräuter,Gewürze & Kräuter,
68,geriebener Käse,geriebener Käse,,367,1517,32,26,1,1,0,,16,,,,,,,,,,,,,,,,,,,,,,,677,,,,,,,,,,,,,,,,,,,,,,,,,,,,,,,,0,0,0,1,0,1,1,1,1,1,1,1,1,1,1,1,1,1,1,1,1,1,1,1,1,1,0,0,2,geriebener Käse,0,Käse & Käsezubereitungen,Aufschnitt,
69,getrocknete Tomate (in Öl),getrocknete Tomate (in Öl),,230,950,5,16,14,12,7,,1,,,,,,,,,,,,,,,,,,,,,,,1700,,,,,,,,,,,,,,,,,,,,,,,,,,,,,,,,1,1,1,1,1,0,0,1,1,1,1,1,1,1,1,1,1,1,1,1,1,1,1,1,1,1,0,0,2,Tomate,0,Gemüse,Gemüse,
70,Gewürzgurken Sauerkonserve,Gewürzgurken (Konserve),,11,48,"0,6","0,2","1,8","1,4","0,5",0,"0,1",0,"0,1",0,0,"0,1","2,1",0,"0,1",0,0,0,0,0,0,0,"0,1","0,1",0,20,708,114,13,352,34,16,0,100,492,28,211,3,171,0,20,44,20,36,4,96,168,21,8,17,0,24,23,4,13,17,19,22,4,11,20,1,1,1,1,1,0,0,1,0,1,1,1,1,1,1,1,1,1,1,1,1,1,1,1,1,1,0,0,2,Gurke,0,Gemüse,Gemüse,lexolino
71,Gewürzmischung,Gewürzmischung,,143,593,3,6,17,7,4,,2,,,0,,,,,,,,,,,,,,,,,,,,3600,,,,,,,,,,,,,,,,,,,,,,,,,,,,,,,,1,1,1,1,1,1,1,1,1,1,1,1,1,1,1,1,1,1,1,1,1,1,1,1,1,1,0,0,2,Gewürzmischung,0,Gewürze & Kräuter,Gewürze & Kräuter,
72,Glasnudeln,Glasnudeln,,136,569,"0,3","0,1","33,1",,0,,,,,,,,,,,,,,,,,,,,,,,,,,,,,,,,,,,,,,,,,,,,,,,,,,,,,,,,,1,1,1,0,1,1,1,1,1,1,1,1,1,1,1,1,1,1,1,1,1,1,1,1,1,1,0,0,2,Glasnudeln,0,"Getreideprodukte, Nährmittel, Backwaren",Sonstiges,http://fddb.info/db/de/lebensmittel/durchschnittswert_glasnudeln_gekocht/index.html
73,Gouda,Gouda,,389,1627,"25,8","30,5",0,0,0,0,"19,3","8,3","1,1","0,1",0,"0,3",0,0,"0,7",0,0,"0,3","0,1",0,0,0,"0,1","0,4",0,832,981,95,34,576,506,220,0,102,300,118,37,32,3534,0,696,791,324,1707,93,919,4850,432,552,1418,0,2295,1932,616,1225,2724,1246,952,335,1186,1462,0,0,0,1,0,1,1,1,1,1,1,1,1,1,1,1,1,1,1,1,1,1,1,1,1,1,0,0,2,Gouda,0,Käse & Käsezubereitungen,Aufschnitt,lexolino
74,grüne Peperoni (gedünstet),grüne Peperoni (gedünstet),,120,120,30,"0,395","3,42","3,29","2,63",,"0,066","0,0132","0,066",0,,"0,224",142,0,"1,1",,"0,011","0,013","0,38",0,,22,"0,13","0,12",,"7,89",25,204,"7,89","7,89","19,7",,,,"0,395",,,"2,63","0,263",,,,,,,,,,,,,,,,,,,,,,,1,1,1,1,1,1,1,1,1,1,1,1,1,1,1,1,1,1,1,1,1,1,1,1,1,1,0,0,2,grüne Peperoni,0,Gemüse,Gemüse,
75,Gurke,Gurke,,12,51,"0,6","0,2",2,"1,7","0,6",0,"0,1",0,"0,1",0,0,"0,1","8,6",0,"0,1",0,0,0,0,0,0,0,"0,2","0,3",0,14,40,131,8,9,25,11,0,82,460,20,137,2,165,0,21,44,18,38,3,89,186,20,7,19,0,26,25,5,14,13,16,15,4,11,20,1,1,1,1,1,1,1,1,1,1,1,1,1,1,1,1,1,1,1,1,1,1,1,1,1,1,0,0,2,Gurke,0,Gemüse,Gemüse,lexolino
76,Hafer Vollkornflocken,Hafer Vollkornflocken,,388,1624,"11,8",7,"67,7",0,"5,5",0,"1,2","2,7","2,7",0,0,0,0,0,"1,6","0,1","0,6","0,2","0,2",0,0,0,1,1,0,51,56,355,136,7,383,200,0,572,4606,35,4862,4,3695,0,589,711,19,1022,256,33,2701,565,198,628,0,830,409,176,608,857,730,380,137,413,689,1,1,1,0,1,1,1,0,1,1,1,1,1,1,1,1,1,1,1,1,1,1,1,1,1,1,0,0,2,Haferflocken,0,"Getreideprodukte, Nährmittel, Backwaren",Backwaren,lexolino
77,Haferkleie,Haferkleie,,370,1540,"17,3","7,03","50,8",0,"15,4",,"1,33","2,38","2,77",0,,0,0,0,"1,7",,"1,2","0,22","0,17",0,,52,"0,93","1,5",,58,0,566,235,4,734,,,,"5,41",,,"3,1","9,4",,,,,,,,,,,,,,,,,,,,,,,1,1,1,0,1,1,1,0,1,1,1,1,1,1,1,1,1,1,1,1,1,1,1,1,1,1,0,0,2,Haferkleie,0,"Getreideprodukte, Nährmittel, Backwaren",Sonstiges,
78,Hähnchen (Brust),Hähnchen (Brust),,130,530,24,"3,3",0,0,0,,"1,25","1,65","0,933",56,,12,0,"1,5","0,62",,"0,08","0,14","0,57","0,4",,10,,"0,87",,"4,6",69,329,26,39,208,,,"0,5",,,10,"0,6",,,,,,,,,,,,,,,,,,,,,,,,0,0,0,1,1,1,1,1,1,1,1,1,1,1,1,1,1,1,1,1,1,1,1,1,1,1,0,0,2,Hähnchen,Pute,Fleisch,Fleisch & Fisch,
79,Hähnchen (Keule),Hähnchen (Keule),,170,710,"18,8","10,3",0,0,0,0,"2,8","4,5","1,5",77,,12,"2,5","0,01","0,066",,"0,11","0,15","0,5","0,4",,8,6,"0,9",,12,69,260,20,70,160,,,"0,7",,,10,1,,,,,,,,,,,,,,,,,,,,,,,,0,0,0,1,1,1,1,1,1,1,1,1,1,1,1,1,1,1,1,1,1,1,1,1,1,1,0,0,2,Hähnchen,Pute,Fleisch,Fleisch & Fisch,
80,Hartkäse,Hartkäse,,308,1290,"34,5","18,1",0,0,0,0,"10,3","5,9","0,7",0,0,"0,2",0,0,"0,5",0,0,"0,5","0,1",0,0,0,"0,1","0,5",0,837,1045,104,27,744,612,190,0,53,420,137,42,54,4725,0,792,1137,645,1679,168,2572,6695,455,976,1795,0,2847,2106,785,1452,3404,1692,1413,415,1555,1869,0,0,0,1,0,1,0,1,1,1,1,1,1,1,1,1,1,1,1,1,1,1,1,1,1,1,0,0,2,Hartkäse,0,Käse & Käsezubereitungen,Aufschnitt,lexolino
81,Haselnuss,Haselnuss,,676,2828,"12,4","62,3",11,1,"8,6",0,"4,5","48,3","6,8",0,0,0,3,0,"28,7",0,"0,4","0,2","0,3",0,0,0,"1,3","1,1",0,205,11,654,147,2,362,170,0,1216,4066,17,6099,1,1739,0,549,1512,213,858,132,595,2399,839,220,628,0,715,320,104,394,581,769,313,170,368,759,1,1,1,1,1,0,1,1,1,1,1,1,0,1,1,1,1,1,1,1,1,1,1,1,1,1,1,0,2,Haselnuss,0,Nüsse & Samen,Sonstiges,lexolino
82,Himbeere,Himbeeren,,26,109,"1,3","0,3","4,5","3,6","6,8",0,0,0,"0,2",0,0,0,"25,3",0,"0,9",0,0,"0,1","0,1",0,0,0,"0,3","0,3",0,41,23,165,31,1,43,18,0,140,1070,21,364,0,567,0,55,68,135,181,13,151,203,49,34,24,0,60,35,19,39,42,51,36,12,25,42,1,1,1,1,1,0,1,1,1,1,1,1,1,1,1,1,1,1,1,1,1,1,1,1,1,1,1,0,2,Himbeere,0,Gemüse,Gemüse,lexolino
83,Hühnerbrühe/- boullion gekörnt,Hühnerbrühe/- boullion gekörnt,,152,634,"16,8","4,1",11,1,0,0,"1,8",2,"0,1",0,0,0,0,0,"0,1",0,"0,2","0,3",0,0,0,0,3,0,0,228,38850,520,49,25250,714,216,0,724,2180,31,91,3,196,0,1331,1038,976,1261,54,1454,1877,1844,374,429,0,743,849,220,479,1557,672,571,67,306,728,0,0,0,1,1,0,1,1,1,1,1,1,1,1,1,1,1,1,1,1,1,1,1,1,1,1,0,0,2,Hühnerbrühe,Fleischbrühe,Fleisch,Fleisch & Fisch,lexolino
84,Hühnerei Eiklar,Hühnerei Eiklar,,47,196,"10,4","0,2","0,6","0,7",0,0,"0,1","0,1",0,0,0,0,"0,3",0,0,0,0,"0,3",0,0,0,0,"0,1","0,1",0,10,167,142,13,163,21,164,0,142,206,83,39,6,20,0,683,690,13,1010,253,5,1239,354,242,576,0,1009,679,409,659,373,780,468,154,484,776,0,0,0,1,1,1,1,1,1,1,1,1,1,1,1,1,1,1,1,1,1,1,1,1,1,1,0,0,2,Hühnerei Eiklar,0,Eier,Fleisch & Fisch,lexolino
85,Hüttenkäse Magerstufe,Hüttenkäse Magerstufe,,83,346,"13,6","1,5","3,4",0,0,0,"0,9","0,4",0,0,0,0,0,0,0,0,0,"0,2","0,1",0,0,0,"0,1","0,3",0,67,539,91,6,376,137,100,0,18,151,17,1,11,428,0,341,470,42,751,66,153,2697,226,413,747,0,1323,988,300,588,1566,720,550,176,643,806,0,0,0,1,0,1,1,1,1,1,1,1,1,1,1,1,1,1,1,1,1,1,1,1,1,1,0,0,2,Hüttenkäse,0,Käse & Käsezubereitungen,Milchprodukte,lexolino
86,Ingwer,Ingwer,,295,1236,"7,9","3,4",57,"51,4",6,0,1,"0,7","0,7",0,0,0,0,0,0,0,0,"0,2",1,0,0,0,"5,4","1,2",0,96,38,946,129,36,132,143,0,455,11290,400,10300,5,4956,0,123,182,2180,880,33,1621,654,178,121,232,0,302,223,54,168,182,196,149,48,86,306,1,1,1,1,1,1,1,1,1,1,1,1,1,1,1,1,1,1,1,1,1,1,1,1,1,1,0,0,3,Ingwer,0,Gemüse,Gemüse,lexolino
87,Ingwerpulver,Ingwerpulver,,347,1452,"9,1",6,"70,8",,,,,,,,,"0,15",7,,,,"0,04","0,18","0,84",,,,,,,116,,1343,184,,148,,,500,11500,,26500,,4700,,,,,,,,,,,,,,,,,,,,,,,1,1,1,1,1,1,1,1,1,1,1,1,1,1,1,1,1,1,1,1,1,1,1,1,1,1,0,0,3,Ingwerpulver,0,Gemüse,Gemüse,
88,Jod-Salz,Jod-Salz,,0,0,0,0,0,,0,,,,,0,,0,0,0,0,,0,0,0,0,,0,0,0,,10,59800,4,1,39200,8,,,"0,3",,,2500,"0,05",-,-,-,-,-,-,-,-,-,-,-,-,-,-,-,-,-,-,-,-,-,-,-,1,1,1,1,1,1,1,1,1,1,1,1,1,1,1,1,1,1,1,1,1,1,1,1,1,1,0,0,1,Jod-Salz,Meersalz,Gewürze & Kräuter,Gewürze & Kräuter,lexolino
89,Joghurt,Joghurt,,34,141,"4,3","0,1","3,8",1,0,0,"0,1",0,0,0,0,0,"0,9",0,0,0,0,"0,2","0,1",0,0,0,"0,1","0,3",0,132,116,184,12,54,100,38,0,11,51,17,4,8,437,0,142,136,32,313,37,76,731,86,116,277,0,367,290,103,210,455,216,181,56,190,243,0,0,0,1,0,1,1,1,1,1,1,1,1,1,1,1,1,1,1,1,1,1,1,1,1,1,0,0,1,Joghurt,0,Milch & Milchprodukte,Milchprodukte,lexolino
90,Kaffeesahne,Kaffeesahne,,217,908,"2,8","20,5","3,5",0,0,0,"12,3","6,5","0,7","0,1",0,"0,2","0,9",0,"0,5",0,0,"0,2",0,0,0,0,"0,1","0,4",0,99,69,133,12,42,83,26,0,23,135,10,4,11,316,0,86,87,27,213,23,17,568,58,71,152,0,282,199,59,128,263,149,120,38,134,176,0,0,0,1,0,1,1,1,1,1,1,1,1,1,1,1,1,1,1,1,1,1,1,1,1,1,0,0,2,Kaffeesahne,0,Milch & Milchprodukte,Milchprodukte,lexolino
91,Kakaopulver,Kakaopulver,,392,1641,"5,9","6,1","76,6",0,"6,5",0,"3,5","2,2","0,2",0,0,0,0,0,"0,2",0,"0,1",0,0,0,0,0,"0,5","0,4",0,32,138,447,138,270,198,198,0,1166,2304,92,1860,2,1729,0,203,282,729,451,85,1267,784,189,70,149,0,238,150,65,180,247,240,180,63,114,254,1,1,1,1,1,1,1,1,1,1,1,1,1,1,1,1,1,1,1,1,1,1,1,1,1,1,0,0,2,Kakaopulver,0,Nüsse & Samen,Sonstiges,lexolino
92,Kapern,Kapern,,431,1803,6,"18,9","56,7","39,1","8,9",0,"5,5",7,"2,6",0,0,"0,1",0,0,0,0,"0,1","0,3",0,0,0,0,"1,5",0,0,774,208,1133,265,223,112,95,0,519,6048,412,8075,5,2024,0,315,218,563,630,61,844,945,156,84,235,0,360,300,78,164,250,171,193,63,130,240,1,1,1,1,1,1,1,1,1,1,1,1,1,1,1,1,1,1,1,1,1,1,1,1,1,1,0,0,2,Kapern,0,Gemüse,Gemüse,lexolino
93,Kichererbsen,Kichererbsen,,137,572,"7,6","2,8","19,5",1,"5,1",0,"0,5","0,2","1,6",0,0,"0,1","25,3",0,"2,7",0,"0,3","0,1","0,2",0,0,0,"2,2","0,8",0,58,36,55,53,20,88,49,0,320,3068,28,1222,4,1334,0,352,565,196,878,90,250,1116,300,195,449,0,524,474,89,342,324,402,316,73,266,374,1,1,1,1,1,1,1,1,1,1,1,1,1,1,1,1,1,1,1,1,1,1,1,1,1,1,0,0,2,Kichererbsen,0,Gemüse,Gemüse,lexolino
94,Knoblauch gegart,Knoblauch gegart,,124,519,"6,4","0,1","23,8","17,6",2,0,0,0,"0,1",0,0,0,"7,3",0,0,"0,4","0,1","0,1","0,3",0,0,0,"0,5","0,1",0,40,34,293,24,16,154,55,0,272,1358,50,476,2,828,0,126,627,639,481,64,1146,863,193,124,244,0,363,276,113,197,88,200,186,82,71,315,1,1,1,1,1,1,1,1,1,1,1,1,1,1,1,1,1,1,1,1,1,1,1,1,1,1,0,0,2,Knoblauch,0,Gemüse,Gemüse,lexolino
95,Knoblauchpulver,Knoblauchpulver,,290,1220,9,4,54,6,,,2,,,,,,,,,,,,,,,,,,,,,,,8800,,,,,,,,,,,,,,,,,,,,,,,,,,,,,,,,1,1,1,1,1,1,1,1,1,1,1,1,1,1,1,1,1,1,1,1,1,1,1,1,1,1,0,0,2,Knoblauch,0,Gewürze & Kräuter,Gewürze & Kräuter,
96,Knoblauchzehe,Knoblauchzehe,,143,600,"6,6","0,1","28,4","22,5","1,9",0,0,0,"0,1",0,0,0,"13,4",0,0,"0,3","0,2","0,1","0,4",0,0,0,"0,7","0,1",0,39,33,482,37,19,122,46,0,283,1470,52,492,2,1090,0,127,586,859,478,56,1437,800,171,110,212,0,350,274,95,176,88,165,167,67,80,297,1,1,1,1,1,1,1,1,1,1,1,1,1,1,1,1,1,1,1,1,1,1,1,1,1,1,0,0,2,Knoblauch,0,Gemüse,Gemüse,lexolino
97,Kohlrabi,Kohlrabi,,24,101,"2,2","0,1","3,6","2,2","1,5",0,0,0,"0,1",0,0,0,"62,7",0,"0,4",0,0,0,"0,1",0,0,0,"1,9","0,1",0,69,55,410,44,34,50,47,0,128,945,10,127,1,263,0,88,135,114,192,10,187,317,71,45,81,0,91,90,20,60,354,103,63,20,39,80,1,1,1,1,1,1,1,1,1,1,1,1,1,1,1,1,1,1,1,1,1,1,1,1,1,1,0,0,1,Kohlrabi,0,Gemüse,Gemüse,lexolino
98,Kohlrabi gegart,Kohlrabi gegart,,21,86,2,"0,1","2,8","1,9","1,6",0,0,0,"0,1",0,0,0,"31,4",0,"0,4",0,0,0,"0,1",0,0,0,"1,1","0,1",0,75,55,193,26,16,46,50,0,132,792,10,133,1,196,0,95,109,86,178,10,151,313,67,38,74,0,93,75,19,51,357,102,57,21,40,79,1,1,1,1,1,1,1,1,1,1,1,1,1,1,1,1,1,1,1,1,1,1,1,1,1,1,0,0,1,Kohlrabi,0,Gemüse,Gemüse,lexolino
99,Kokosfett,Kokosfett,,945,3954,"0,8",101,0,0,0,0,"87,6","6,2","1,3",0,0,0,0,0,2,0,0,0,0,0,0,0,0,0,0,2,0,2,0,2,1,0,0,2,20,0,0,0,0,0,39,106,13,68,15,28,151,38,16,35,0,63,28,14,32,33,39,25,7,22,44,0,0,0,1,1,0,1,1,1,1,1,1,1,1,1,1,1,1,1,1,1,1,1,1,1,1,0,0,2,Kokosfett,"Olivenöl,Rapsöl,Sesamöl,Sonnenblumenöl",Fette & Speiseöle,Sonstiges,lexolino
100,Kokosflocken,Kokosflocken,,364,1525,1,"9,5",67,"13,4","2,1",0,"8,2","0,5","0,2",0,0,0,"0,5",0,"0,2",0,0,0,0,0,0,0,"0,1","0,1",0,10,40,129,11,48,25,20,0,109,997,16,337,0,229,0,52,119,42,105,16,6,205,44,18,50,0,72,42,16,40,43,47,34,8,30,51,1,1,1,1,1,0,1,1,1,1,1,1,1,1,1,1,1,1,1,1,1,1,1,1,1,1,0,0,2,Kokosflocken,0,Gemüse,Gemüse,lexolino
101,Kokosmilch,Kokosmilch,,24,102,"0,3","0,4","4,8","0,1",0,0,"0,4",0,0,0,0,0,"2,1",0,0,0,0,0,0,0,0,0,"0,1","0,1",0,25,193,294,31,46,28,25,0,240,105,0,384,0,93,0,13,32,3,25,4,7,55,12,5,13,0,19,9,4,10,10,13,8,2,7,14,1,1,1,1,1,1,1,1,1,1,1,1,1,1,1,1,1,1,1,1,1,1,1,1,1,1,1,0,2,Kokosmilch,0,Getränke,Sonstiges,lexolino
102,Kokosöl,Kokosöl,,858,3592,0,95,0,0,,,,,,,,,,,,,,,,,,,,,,,,,,,,,,,,,,"1,6","0,13",,,,,,,,,,,,,,,,,,,,,,,1,1,1,1,1,0,1,1,1,1,1,1,1,1,1,1,1,1,1,1,1,1,1,1,1,1,0,0,2,Kokosöl,"Olivenöl,Rapsöl,Sesamöl,Sonnenblumenöl,Kokosfett,Butter,Magarine",Fette & Speiseöle,Sonstiges,http://fddb.info/db/de/lebensmittel/new_world_gourmet_kokosoel/index.html
103,Koriander,Koriander,,332,1388,"12,4","18,9","25,9","24,3","30,9",0,1,"14,6","1,8",0,0,0,0,0,0,0,"0,2","0,3","0,2",0,0,0,"2,3","0,5",0,706,65,1181,314,35,404,109,0,999,17626,50,1805,5,4747,0,789,586,1130,1823,119,1118,1805,511,175,346,0,657,620,188,404,447,506,326,123,236,491,1,1,1,1,1,1,1,1,1,1,1,1,1,1,1,1,1,1,1,1,1,1,1,1,1,1,0,0,2,Koriander,0,Gewürze & Kräuter,Gewürze & Kräuter,lexolino
104,Krabben,Krabben,,85,356,"16,9","1,5","0,7",0,0,0,"0,2","0,3","0,5","0,1",0,0,2,0,"3,8",0,"0,1",0,"0,1",0,0,0,"3,2","0,4",0,91,91,285,62,136,211,318,0,298,1918,154,30,131,2344,0,1277,1446,14,1879,171,39,2751,1127,290,765,0,1477,1423,482,686,744,822,843,190,684,770,0,0,1,1,1,1,1,1,1,1,1,1,1,1,1,1,1,1,1,1,1,1,1,1,1,1,0,0,3,Krabben,0,Schalentiere & Krustentiere,Tiefgekühltes,lexolino
105,"Kräuter (TK, italienisch)","Kräuter (TK, italienisch)",,269,1132,10,4,47,25,,,0,,,,,,,,,,,,,,,,,,,,,,,5627,,,,,,,,,,,,,,,,,,,,,,,,,,,,,,,,1,1,1,1,1,1,1,1,1,1,1,1,1,1,1,1,1,1,1,1,1,1,1,1,1,1,0,0,2,Kräuter,0,Gewürze & Kräuter,Gewürze & Kräuter,
106,Kräuter der Provence,Kräuter der Provence,,200,850,11,4,30,12,,,1,,,,,,,,,,,,,,,,,,,,,,,50,,,,,,,,,,,,,,,,,,,,,,,,,,,,,,,,1,1,1,1,1,1,1,1,1,1,1,1,1,1,1,1,1,1,1,1,1,1,1,1,1,1,0,0,2,Kräuter,0,Gewürze & Kräuter,Gewürze & Kräuter,
107,Kräuterquark (40% Fett),Kräuterquark (40% Fett),,139,582,"7,8",10,"4,5",4,0,,,,,,,,,,,,,,,,,,,,,,,,,,,,,,,,,,,,,,,,,,,,,,,,,,,,,,,,,0,0,0,1,0,1,1,1,1,1,1,1,1,1,1,1,1,1,1,1,1,1,1,1,1,1,0,0,2,Kräuterquark,Quark,Milch & Milchprodukte,Milchprodukte,http://fddb.info/db/de/lebensmittel/milbona_kraeuterquark_56975/index.html
108,Kräutersalz,Kräutersalz,,21,86,"1,2","0,2","3,4","2,6","1,7",0,0,0,"0,1",0,0,0,"2,5",0,"0,3",0,0,0,0,0,0,0,"0,1",0,0,231,53460,184,131,35451,156,196,0,168,843,70,424,49,402,0,36,37,186,198,7,157,167,36,20,33,0,52,45,10,33,32,36,35,16,17,48,1,1,1,1,1,1,1,1,1,1,1,1,1,1,1,1,1,1,1,1,1,1,1,1,1,1,0,0,2,Kräutersalz,0,Gewürze & Kräuter,Gewürze & Kräuter,lexolino
109,Kresse,Kresse,,37,153,4,"1,5","1,6","1,4",3,0,"0,2","0,1","0,9",0,0,"0,3","57,2",0,"0,7","0,6","0,2","0,2","0,3",0,0,0,"1,9","0,2",0,231,107,517,42,5,39,218,0,135,2726,26,354,2,164,0,196,206,364,374,4,421,433,174,84,171,0,251,236,64,181,184,154,168,39,108,220,1,1,1,1,1,1,1,1,1,1,1,1,1,1,1,1,1,1,1,1,1,1,1,1,1,1,0,0,2,Kresse,0,Gewürze & Kräuter,Gewürze & Kräuter,lexolino
110,Kreuzkümmel,Kreuzkümmel,,411,1720,"17,1","22,1","33,3",0,10,0,"0,9","10,8","4,6",0,0,"0,1",0,0,0,0,"0,6","0,4","0,2",0,0,0,"3,6","0,5",0,1028,56,1380,374,152,556,108,0,1303,71070,55,2940,5,4578,0,896,1671,29,1675,338,19,3626,852,438,868,0,1186,699,359,833,733,885,667,246,610,932,1,1,1,1,1,1,1,1,1,1,1,1,1,1,1,1,1,1,1,1,1,1,1,1,1,1,0,0,2,Kreuzkümmel,0,Gewürze & Kräuter,Gewürze & Kräuter,lexolino
111,Kuhmilch entrahmt,Kuhmilch (entrahmt),,33,140,"3,4","0,1","4,6",0,0,0,"0,1",0,0,0,0,0,"1,1",0,0,0,0,"0,2",0,0,0,0,"0,1","0,3",0,115,100,153,12,50,109,31,0,11,62,18,5,8,424,0,114,126,21,251,29,0,675,73,86,214,0,298,229,88,158,319,187,145,48,169,226,0,0,0,1,0,1,1,1,1,1,1,1,1,1,1,1,1,1,1,1,1,1,1,1,1,1,0,0,2,Kuhmilch,Mandelmilch,Milch & Milchprodukte,Milchprodukte,lexolino
112,Kümmel,Kümmel,,354,1482,"18,6","14,9","34,3",0,"11,6",0,"0,6","7,4","3,5",0,0,0,0,0,0,0,"0,4","0,4","0,2",0,0,0,"3,6","0,5",0,960,62,1283,283,18,536,101,0,1039,17366,49,2550,5,5460,0,1005,1859,42,1806,372,44,3992,999,524,938,0,1346,748,445,944,899,984,770,294,594,1016,1,1,1,1,1,1,1,1,1,1,1,1,1,1,1,1,1,1,1,1,1,1,1,1,1,1,0,0,2,Kümmel,0,Gewürze & Kräuter,Gewürze & Kräuter,lexolino
113,Kürbiskern,Kürbiskern,,593,2481,"23,4","47,7","13,2",0,"8,6",0,"9,5","11,2","24,8",0,0,0,"0,2",0,"3,8",0,"0,2","0,3","0,1",0,0,0,"1,7","0,6",0,38,74,871,402,18,896,163,0,1581,11357,86,910,12,7100,0,940,3268,44,2018,260,12,3933,1552,539,1074,0,1734,1687,445,1049,863,888,779,381,913,1802,1,1,1,1,1,1,1,1,1,1,1,1,1,1,1,1,1,1,1,1,1,1,1,1,1,1,0,0,2,Kürbiskern,Sonnenblumenkerne,Nüsse & Samen,Sonstiges,lexolino
114,Kürbiskernöl,Kürbiskernöl,,917,3836,0,"98,4",0,0,0,0,"22,1","21,5",50,0,0,0,0,0,"3,9",0,0,0,0,0,0,0,0,0,0,0,0,1,0,0,0,0,0,0,0,0,0,0,0,0,0,0,10,0,0,26,0,0,0,0,0,0,0,0,0,0,0,0,0,0,0,1,1,1,1,1,1,1,1,1,1,1,1,1,1,1,1,1,1,1,1,1,1,1,1,1,1,0,0,2,Kürbiskernöl,"Olivenöl,Rapsöl,Sesamöl,Sonnenblumenöl,Butter,Magarine",Fette & Speiseöle,Sonstiges,lexolino
115,Lachs,Lachs,,131,549,"17,7","6,4",0,0,0,0,"1,6","2,4","1,7",0,0,0,0,0,"2,4",0,"0,2","0,2","0,9",0,0,0,8,"1,1",0,12,58,341,31,52,263,167,0,214,1080,29,21,31,736,0,1249,1181,8,1929,177,30,2744,862,459,812,0,1378,1797,511,678,734,804,861,195,601,897,0,0,1,1,1,1,1,1,1,1,1,1,1,1,1,1,1,1,1,1,1,1,1,1,1,1,0,0,2,Lachs,"Fisch gegart,Lachs geräuchert,Lachsfilet,Seelachs",Fisch,Fleisch & Fisch,lexolino
116,Lachs geräuchert,Lachs (geräuchert),,140,587,"19,5","6,6",0,0,0,0,"1,6","2,4","1,8",0,0,0,0,0,"2,1",0,"0,1","0,1","0,6",0,0,0,"5,7","0,8",0,13,68,335,28,52,252,187,0,195,975,31,24,36,820,0,1297,1261,315,2042,199,415,2683,896,536,888,0,1397,1776,546,718,696,976,955,187,629,1063,0,0,1,1,1,1,0,1,1,1,1,1,1,1,1,1,1,1,1,1,1,1,1,1,1,1,0,0,2,Lachs,"Lachs,Fisch gegart,Lachsfilet,Seelachs",Fisch,Fleisch & Fisch,lexolino
117,Lachsfilet,Lachsfilet,,135,560,19,6,"0,75","0,75",0,,"1,75",,,,,,,,,,,,,,,,,,,,,,,70,,,,,,,,,,,,,,,,,,,,,,,,,,,,,,,,0,0,1,1,1,1,1,1,1,1,1,1,1,1,1,1,1,1,1,1,1,1,1,1,1,1,0,0,2,Lachs,"Lachs,Lachs geräuchert,Fisch gegart,Seelachs",Fisch,Fleisch & Fisch,
118,Lauch,Lauch,,23,96,"2,4","0,3","2,5","1,5","2,3",0,"0,1",0,"0,2",0,0,"0,2","11,4",0,"0,6","0,2","0,1",0,"0,2",0,0,0,"0,4","0,1",0,85,23,124,12,4,49,56,0,62,772,11,178,1,261,0,97,117,282,173,12,516,316,73,33,72,0,115,108,26,59,73,71,80,17,35,92,1,1,1,1,1,1,1,1,1,1,1,1,1,1,1,1,1,1,1,1,1,1,1,1,1,1,0,0,2,Lauch,0,Gemüse,Gemüse,lexolino
119,Leinsamen,Leinsamen,,371,1554,"22,9","29,9",0,0,"32,2",0,"3,3",6,"19,1",0,0,"0,1",0,0,3,0,"0,3","0,5","0,9",0,0,0,"1,2","0,9",0,239,57,465,364,0,640,164,0,432,8282,73,1260,10,1620,0,1144,2416,32,2294,450,40,5026,1458,507,1032,0,1484,1028,508,1305,1044,1256,1054,378,635,1407,1,1,1,0,1,1,1,0,1,1,1,1,1,1,1,1,1,1,1,1,1,1,1,1,1,1,0,0,2,Leinsamen,0,"Getreideprodukte, Nährmittel, Backwaren",Gewürze & Kräuter,lexolino
120,Leinsamen geschrotet,Leinsamen,,385,1611,"26,3","29,8",0,0,"35,5",0,"3,1","5,8","19,5",0,0,"0,1",0,0,"1,5",0,"0,2","0,4","0,6",0,0,0,"0,8","0,5",0,241,60,463,388,0,719,167,0,411,8847,83,1294,10,1649,0,1203,2460,447,2288,486,1020,5215,1454,474,1062,0,1733,911,527,1279,933,1266,904,439,723,1501,1,1,1,0,1,1,1,0,1,1,1,1,1,1,1,1,1,1,1,1,1,1,1,1,1,1,0,0,2,Leinsamen,0,"Getreideprodukte, Nährmittel, Backwaren",Gewürze & Kräuter,lexolino
121,Liebstöckel,Liebstöckel,,44,183,"3,6","0,8","5,5","4,4","3,1",0,"0,1",0,"0,4",0,0,"0,7",41,0,"1,1","0,3","0,1","0,1","0,1",0,0,0,1,"0,2",0,140,65,364,29,19,51,75,0,126,1980,49,475,4,1212,0,172,132,328,361,36,521,572,100,56,133,0,216,166,45,108,141,112,128,36,71,137,1,1,1,1,1,0,1,1,1,1,1,1,1,1,1,1,1,1,1,1,1,1,1,1,1,1,0,0,2,Liebstöckel,0,Gewürze & Kräuter,Gewürze & Kräuter,lexolino
122,Limette,Limette,,31,129,"0,5","2,4","1,7","1,6",1,0,"0,4","0,4","1,1",0,0,0,"39,6",0,"0,4",0,0,0,"0,1",0,0,0,"0,2","0,2",0,12,5,75,14,2,10,9,0,70,208,10,40,0,106,0,32,32,35,71,7,28,58,51,7,13,0,14,26,7,19,28,13,7,3,10,19,1,1,1,1,1,0,1,1,1,1,1,1,1,1,1,1,1,1,1,1,1,1,1,1,1,1,0,0,2,Limette,0,Obst,Obst,lexolino
123,Lorbeerblatt,Lorbeerblatt,,299,1252,"7,5","8,3","47,1","37,7",25,0,"2,3","1,7","2,3",0,0,"0,6",0,0,0,0,0,"0,4",0,0,0,0,"1,8",0,0,805,194,545,118,25,113,105,0,382,39560,388,7790,5,3552,0,414,307,776,806,69,1032,1072,215,113,283,0,451,357,86,210,325,210,261,70,163,304,1,1,1,1,1,1,1,1,1,1,1,1,1,1,1,1,1,1,1,1,1,1,1,1,1,1,0,0,3,Lorbeerblatt,0,Gewürze & Kräuter,Gewürze & Kräuter,lexolino
124,Magermilch,Magermilch,,42,177,"4,2","0,3","5,7",0,0,0,"0,1","0,1",0,0,0,0,"1,5",0,0,0,0,"0,2","0,1",0,0,0,"0,1","0,4",0,152,106,171,16,54,102,30,0,7,64,11,5,5,428,0,136,127,66,296,31,169,764,77,101,228,0,394,284,84,178,365,192,156,53,189,268,0,0,0,1,0,1,1,1,1,1,1,1,1,1,1,1,1,1,1,1,1,1,1,1,1,1,0,0,2,Magermilch,0,Milch & Milchprodukte,Milchprodukte,lexolino
125,Mais,Mais,,353,1477,"8,2","3,8","69,8","0,1","8,8",0,"0,5","1,4","1,4",0,0,"0,2",0,0,"2,1",0,"0,3","0,2","0,4",0,0,0,"1,4","0,6",0,14,12,300,116,6,241,78,0,206,1590,59,490,2,2675,0,622,382,8,497,136,22,1712,301,249,316,0,972,240,156,410,790,389,279,58,299,431,1,1,1,1,1,0,1,1,1,1,1,1,1,1,1,1,1,1,1,1,1,1,1,1,1,1,0,0,2,Mais,0,Gemüse,Gemüse,lexolino
126,Majoran,Majoran,,46,193,"2,1","1,1","6,8","5,1","2,7",0,"0,2","0,1","0,6",0,0,"0,1",0,0,0,0,0,"0,1",0,0,0,0,"0,7",0,0,328,30,246,56,12,47,15,0,174,12973,69,856,1,582,0,96,81,221,205,20,333,309,55,33,79,0,117,106,26,58,84,66,66,22,42,76,1,1,1,1,1,1,1,1,1,1,1,1,1,1,1,1,1,1,1,1,1,1,1,1,1,1,0,0,3,Majoran,0,Gewürze & Kräuter,Gewürze & Kräuter,lexolino
127,Mandelmilch,Mandelmilch,,45,188,"0,9","2,2","5,4",3,"0,8",,,,,,,"0,21",,,,,57,153,,,,,,,,200,,200,60,,200,,,,5000,,,,,,,,,,,,,,,,,,,,,,,,,,,1,1,1,1,1,1,1,1,1,1,1,0,1,1,1,1,1,1,1,1,1,1,1,1,1,1,1,0,2,Mandelmilch,Kuhmilch entrahmt,Nüsse & Samen,Sonstiges,http://fddb.info/db/de/lebensmittel/ecomil_mandelmilch/index.html
128,Mandelmus,Mandelmus,,663,2773,"14,2","56,5","19,3",0,"1,4",0,"4,6","37,4","11,6",0,0,0,"0,5",0,"5,3",0,"0,1","0,6","0,1",0,0,0,"2,9","0,3",0,270,4,735,309,6,423,153,0,824,3515,81,1881,1,2568,0,657,1741,20,1553,236,17,3607,791,368,527,0,960,379,192,745,761,525,452,125,476,807,1,1,1,1,1,0,1,1,1,1,1,0,1,1,1,1,1,1,1,1,1,1,1,1,1,1,0,0,2,Mandelmus,Cashewmus,Nüsse & Samen,Sonstiges,lexolino
129,Mandeln,Mandeln,,619,2588,"18,5","56,7","3,6",0,"16,1",0,"4,2","39,4","10,7",0,0,0,"0,8",0,"28,2",0,"0,2","0,6","0,2",0,0,0,"4,1","0,6",0,250,37,835,218,5,441,141,0,850,3800,86,1976,2,2889,0,749,2406,4,1872,291,45,4520,1002,457,683,0,1279,540,239,885,907,658,482,141,527,936,1,1,1,1,1,0,1,1,1,1,1,0,1,1,1,1,1,1,1,1,1,1,1,1,1,1,0,0,2,Mandeln,0,Nüsse & Samen,Sonstiges,lexolino
130,Mango,Mango,,55,231,"0,6","0,4",12,"3,2","1,8",0,"0,1","0,2","0,1",0,0,"0,5","37,2",0,"0,9",0,0,0,"0,1",0,0,0,"0,6","0,2",0,12,5,179,20,5,13,13,0,121,424,10,29,1,40,0,59,20,39,47,0,57,69,26,15,21,0,38,45,6,18,19,24,24,11,12,32,1,1,1,1,1,0,1,1,1,1,1,1,1,1,1,1,1,1,1,1,1,1,1,1,1,1,1,0,2,Mango,0,Obst,Obst,lexolino
131,Mangold,Mangold,,23,96,"2,2","0,3","2,7","2,1","2,6",0,"0,1",0,"0,2",0,0,"0,6","42,1",0,"1,6","0,4","0,1","0,2","0,1",0,0,0,"0,6","0,2",0,96,97,391,74,86,43,21,0,73,2673,65,279,1,353,0,112,91,187,190,21,218,222,109,47,80,0,166,122,34,108,100,81,98,29,63,137,1,1,1,1,1,1,1,1,1,1,1,1,1,1,1,1,1,1,1,1,1,1,1,1,1,1,0,0,2,Mangold,0,Gemüse,Gemüse,lexolino
132,Mascarpone,Mascarpone,,455,1870,"7,6",47,0,0,0,0,"29,2","15,2","1,6",141,,332,0,"0,28",1,,"0,01","0,22","0,04",0,,11,"0,1",0,,68,0,53,0,86,97,,,"0,2",,,29,"0,4",,,,,,,,,,,,,,,,,,,,,,,,0,0,0,1,0,1,1,1,0,1,1,1,1,1,1,1,1,1,1,1,1,1,1,1,1,1,0,0,3,Mascarpone,0,Milch & Milchprodukte,Milchprodukte,
133,Mayonnaise,Mayonnaise,,724,3027,"1,4","76,1","2,1",0,0,0,"33,4","28,3","10,4","0,2",0,"0,1",0,0,7,"0,1",0,0,0,0,0,0,"0,2",1,0,19,530,24,5,524,47,20,0,32,576,10,19,6,154,0,85,95,45,127,30,30,179,46,35,92,0,136,106,45,77,58,111,75,24,65,108,0,0,0,1,0,1,1,1,1,1,1,1,1,1,1,1,1,1,1,1,1,1,1,1,1,1,0,0,2,Mayonnaise,0,Milch & Milchprodukte,Milchprodukte,lexolino
134,"Meeresfrüchte (gemischt), TK)","Meeresfrüchte (gemischt), TK)",,68,283,12,2,1,1,0,,1,,,,,,,,,,,,,,,,,,,,,,,430,,,,,,,,,,,,,,,,,,,,,,,,,,,,,,,,1,1,1,1,1,1,1,1,1,1,1,1,1,1,1,1,1,1,1,1,1,1,1,1,1,1,0,0,2,Meeresfrüchte,0,Schalentiere & Krustentiere,Tiefgekühltes,
135,Meersalz,Meersalz,,0,0,0,0,0,0,0,0,0,0,0,0,0,0,0,0,0,0,0,0,0,0,0,0,0,0,0,50,55800,54,37,34580,1,21,0,132,3090,437,192,2120,70,0,0,0,13,0,0,18,0,0,0,0,0,0,0,0,0,0,0,0,0,0,0,1,1,1,1,1,1,1,1,1,1,1,1,1,1,1,1,1,1,1,1,1,1,1,1,1,1,0,0,1,Meersalz,Jod-Salz,Gewürze & Kräuter,Gewürze & Kräuter,lexolino
136,Mehl,Mehl,,361,1511,"10,6","1,1","75,9","0,1","4,1",0,"0,1","0,1","0,5",0,0,0,0,0,"0,3",0,"0,1",0,"0,2",0,0,0,"0,7","0,2",0,15,49,113,20,2,80,106,0,170,1400,50,576,0,1132,0,282,370,72,408,218,618,3507,370,181,346,0,700,203,125,432,1220,490,262,95,265,420,1,1,1,0,1,1,1,0,1,1,1,1,1,1,1,1,1,1,1,1,1,1,1,1,1,1,0,0,2,Mehl,"Weizenmehl,Dinkelmehl","Getreideprodukte, Nährmittel, Backwaren",Backwaren,lexolino
137,Mineralwasser,Mineralwasser,,0,0,0,0,0,0,0,0,0,0,0,0,0,0,0,0,0,0,0,0,0,0,0,0,0,0,0,37,4,1,12,13,0,1,0,4,0,20,3,0,7,0,0,0,20,0,0,1,0,0,0,0,0,0,0,0,0,0,0,0,0,0,0,1,1,1,1,1,1,1,1,1,1,1,1,1,1,1,1,1,1,1,1,1,1,1,1,1,1,1,1,1,Mineralwasser,0,Getränke,Getränke,lexolino
138,Miso,Miso,,124,519,11,"6,3",5,0,"9,9",0,"0,8","1,1",4,0,0,0,0,0,"0,8",0,"0,1","0,1","0,3",0,0,0,"1,2","0,5",0,73,4644,314,118,3127,284,74,0,46,1649,31,1428,3,500,0,509,566,372,1143,149,569,1752,504,250,454,0,758,526,135,502,779,657,379,94,415,512,1,1,1,1,1,1,0,1,1,1,1,1,1,1,1,1,1,1,1,1,1,1,1,1,1,1,0,0,3,Miso,0,Hülsenfrüchte,Sonstiges,lexolino
139,Möhre (Karotte),Möhre (Karotte),,40,160,"0,8","0,3","6,6","6,4","2,6",,"0,05","0,02","0,12",0,,790,7,0,"0,5",,"0,1","0,05","0,16",0,,30,"0,6","0,2",,"31,3",59,163,"8,44","28,2","26,2",,,,"0,18",,,,,,,,,,,,,,,,,,,,,,,,,,,1,1,1,1,1,1,1,1,1,1,1,1,1,1,1,1,1,1,1,1,1,1,1,1,1,1,1,1,1,Möhre/Karotte,0,Gemüse,Gemüse,
140,Mozzarella,Mozzarella,,250,1045,"17,7","19,1",0,0,0,0,"11,8","5,7","0,5",0,0,"0,3",0,0,"0,6",0,0,"0,3","0,1",0,0,0,"0,3","0,4",0,407,707,152,20,535,297,212,0,48,268,55,21,14,1547,0,554,715,37,1284,102,39,3822,321,665,891,0,1587,1676,485,857,1696,1047,672,242,948,1011,0,0,0,1,0,1,1,1,1,1,1,1,1,1,1,1,1,1,1,1,1,1,1,1,1,1,0,0,1,Mozzarella,0,Käse & Käsezubereitungen,Milchprodukte,lexolino
141,Muskatnuss,Muskatnuss,,529,2213,"5,6","36,3","41,4","2,2","4,4",0,"25,2","3,5","0,3",0,0,0,0,0,0,0,"0,4","0,1","0,2",0,0,0,"1,2","0,5",0,194,58,371,175,17,227,99,0,958,3090,54,2929,5,2156,0,237,646,12,529,644,37,1133,273,118,183,0,291,202,67,173,288,226,173,69,208,224,1,1,1,1,1,0,1,1,1,1,1,1,1,1,1,1,1,1,1,1,1,1,1,1,1,1,0,1,2,Muskatnuss,0,Nüsse & Samen,Sonstiges,lexolino
142,Oliven,Oliven,,136,569,"1,5","13,2","1,8",0,"2,3",0,2,"9,1","1,4",0,0,"0,1",0,0,2,0,0,"0,1",0,0,0,0,"0,5",0,0,95,3306,45,19,2100,16,39,0,263,1488,31,59,4,149,0,67,127,27,138,27,63,316,66,39,62,0,98,55,30,60,59,62,50,22,42,80,1,1,1,1,1,0,1,1,1,1,1,1,1,1,1,1,1,1,1,1,1,1,1,1,1,1,0,0,3,Oliven,0,Gemüse,Gemüse,lexolino
143,Oliven grün,Oliven (grün),,140,586,"1,5",13,"3,2",0,"4,5",0,"1,8","9,4","1,2",0,0,0,0,0,"0,5",0,0,"0,1",0,0,0,0,"0,5",0,0,63,7,52,20,5,15,39,0,230,1744,32,48,2,141,0,67,143,23,133,26,55,309,72,37,65,0,87,52,29,66,57,63,46,22,43,75,1,1,1,1,1,0,1,1,1,1,1,1,1,1,1,1,1,1,1,1,1,1,1,1,1,1,0,0,3,Oliven grün,Oliven schwarz,Gemüse,Gemüse,lexolino
144,Oliven schwarz,Oliven (schwarz),,366,1531,"2,2","36,2","4,7",0,"3,6",0,"5,6","25,9","3,1",0,0,0,0,0,"0,5",0,0,"0,1",0,0,0,0,"0,1",0,0,86,3648,38,15,3321,30,38,0,216,1728,30,48,4,159,0,108,231,41,230,41,28,480,108,60,109,0,154,76,48,96,84,106,83,32,74,114,1,1,1,1,1,0,1,1,1,1,1,1,1,1,1,1,1,1,1,1,1,1,1,1,1,1,0,0,3,Oliven schwarz,Oliven grün,Gemüse,Gemüse,lexolino
145,Olivenöl,Olivenöl,,884,3698,0,"94,7","0,2",0,0,0,"13,9",67,"9,3",0,0,"0,2",0,0,"11,7",0,0,0,0,0,0,0,0,0,0,1,105,0,0,1,1,0,0,64,109,0,0,5,59,0,0,0,26,0,0,26,0,0,0,0,0,0,0,0,0,0,0,0,0,0,0,1,1,1,1,1,1,0,1,1,1,1,1,1,1,1,1,1,1,1,1,1,1,1,1,1,1,0,0,2,Olivenöl,"Rapsöl,Sesamöl,Sonnenblumenöl,Butter,Magarine",Fette & Speiseöle,Sonstiges,lexolino
146,Oregano,Oregano,,68,284,"2,4","1,9","9,9","8,1","2,5",0,"0,5","0,1","0,9",0,0,"0,1","45,5",0,"0,9","0,3","0,1","0,2","0,2",0,0,0,1,"0,2",0,316,35,340,54,3,40,16,0,191,7606,37,285,0,855,0,116,91,301,216,20,447,320,65,31,85,0,120,108,25,68,83,64,74,23,48,93,1,1,1,1,1,1,1,1,1,1,1,1,1,1,1,1,1,1,1,1,1,1,1,1,1,1,0,0,2,Oregano,0,Gewürze & Kräuter,Gewürze & Kräuter,lexolino
147,Paprika gelb,Paprika (gelb),,28,115,"1,2","0,3","4,9","4,9","3,3",0,"0,1",0,"0,2",0,0,0,"135,2",0,"2,4",0,0,0,"0,3",0,0,0,"0,7","0,1",0,8,14,231,17,4,28,20,0,20,436,22,92,2,104,0,47,50,134,184,20,115,158,47,17,38,0,54,51,10,45,47,58,43,13,24,45,1,1,1,1,1,1,1,1,1,1,1,1,1,1,1,1,1,1,1,1,1,1,1,1,1,1,1,0,2,Paprika,"Paprika rot, Paprika grün",Gemüse,Gemüse,lexolino
148,Paprika rot,Paprika (rot),,37,155,"1,3","0,5","6,7","6,1","3,6",0,"0,1",0,"0,3",0,0,"0,3","131,6",0,"2,7",0,0,"0,1","0,5",0,0,0,"1,7","0,2",0,10,20,250,14,5,32,22,0,78,501,19,96,1,273,0,51,53,154,194,23,153,193,47,20,41,0,59,55,13,45,49,63,44,14,25,43,1,1,1,1,1,1,1,1,1,1,1,1,1,1,1,1,1,1,1,1,1,1,1,1,1,1,1,0,2,Paprika,"Paprika gelb, Paprika grün",Gemüse,Gemüse,lexolino
149,Paprikapulver,Paprikapulver,,289,1210,"14,8",13,"55,7",,"37,4",,,,,,,,,,,,"29,8",,,,,,,,,177,,,,,,,,,,,,,,,,,,,,,,,,,,,,,,,,,,,,1,1,1,1,1,1,1,1,1,1,1,1,1,1,1,1,1,1,1,1,1,1,1,1,1,1,0,0,2,Paprikapulver,0,Gewürze & Kräuter,Gewürze & Kräuter,https://www.yazio.com/de/kalorientabelle/paprika-paprikapulver.html
150,"Paprikapulver, rosenscharf","Paprikapulver, rosenscharf",,317,1326,"14,8",13,"34,9",,"20,9",,,,,,,,,,,,,,,,,,,,,,,,190,,,,,,,,,,,,,,,,,,,,,,,,,,,,,,,,,1,1,1,1,1,1,1,1,1,1,1,1,1,1,1,1,1,1,1,1,1,1,1,1,1,1,0,0,2,Paprikapulver,0,Gewürze & Kräuter,Gewürze & Kräuter,http://gesuender-abnehmen.com/abnehmen/naehrwerte-kalorien-paprika-edelsuess.html
151,"Paprikapulver, edelsüß","Paprikapulver, edelsüß",,317,1326,"14,8",13,"34,9",,"20,9",,,,,,,,,,,,,,,,,,,,,,,,190,,,,,,,,,,,,,,,,,,,,,,,,,,,,,,,,,1,1,1,1,1,1,1,1,1,1,1,1,1,1,1,1,1,1,1,1,1,1,1,1,1,1,0,0,2,Paprikapulver,0,Gewürze & Kräuter,Gewürze & Kräuter,http://gesuender-abnehmen.com/abnehmen/naehrwerte-kalorien-paprika-edelsuess.html
152,Paprikaschote,Paprikaschote,,20,83,"1,2","0,3","2,9","2,9","3,8",0,"0,1",0,"0,2",0,0,"0,2","133,4",0,"2,7",0,"0,1",0,"0,3",0,0,0,"0,3","0,2",0,11,19,166,13,3,31,19,0,72,758,21,108,2,176,0,51,41,154,156,20,167,170,42,19,41,0,59,54,11,45,47,49,41,12,22,39,1,1,1,1,1,1,1,1,1,1,1,1,1,1,1,1,1,1,1,1,1,1,1,1,1,1,0,0,2,Paprika,0,Gemüse,Gemüse,lexolino
153,Paprikaschote gegart,Paprikaschote gegart,,20,82,"1,1","0,3",3,"2,8","3,5",0,"0,1",0,"0,2",0,0,"0,2","83,3",0,"2,7",0,0,0,"0,2",0,0,0,"0,3","0,2",0,10,18,149,12,2,27,20,0,70,708,19,108,2,205,0,46,41,127,173,20,115,157,39,19,40,0,52,54,10,42,48,49,39,12,21,42,1,1,1,1,1,1,1,1,1,1,1,1,1,1,1,1,1,1,1,1,1,1,1,1,1,1,0,0,2,Paprika,0,Gemüse,Gemüse,lexolino
154,Parmesan,Parmesan,,489,2046,"35,2","37,1",0,0,0,0,23,"10,8","1,3","0,1",0,"0,4",0,0,1,0,0,"0,5","0,1",0,0,0,"0,2","1,3",0,1152,1853,106,48,1104,705,245,0,214,546,158,43,40,3564,0,916,970,576,1863,170,2138,6916,466,1056,1929,0,3155,2110,713,1397,3731,1680,1324,458,1441,2198,0,0,0,1,0,1,1,1,1,1,1,1,1,1,1,1,1,1,1,1,1,1,1,1,1,1,0,0,3,Parmesan,0,Käse & Käsezubereitungen,Milchprodukte,lexolino
155,passierte Tomaten,passierte Tomaten,,25,110,"1,5",0,4,4,"1,5",,0,,,,,,,,,,,,,,,,,,,,,,,,,,,,,,,,,,,,,,,,,,,,,,,,,,,,,,,1,1,1,1,1,0,1,1,1,1,1,1,1,1,1,1,1,1,1,1,1,1,1,1,1,1,0,0,2,Tomate,0,Gemüse,Gemüse,
156,Pesto (rosso),Pesto (rosso),,432,1777,6,40,11,6,4,,8,,,,,,,,,,,,,,,,,,,,,,,600,,,,,,,,,,,,,,,,,,,,,,,,,,,,,,,,1,1,1,1,1,0,0,1,0,1,1,1,1,1,1,1,1,1,1,1,1,1,1,1,1,1,0,0,3,Pesto (rosso),0,Gemüse,Gemüse,
157,Petersilie,Petersilie,,53,221,"4,2","0,4","7,9","4,7","4,1",0,"0,1",0,"0,2",0,0,"0,9","167,7",0,"3,5","0,8","0,1","0,3","0,2",0,0,0,"1,3","0,3",0,262,152,1090,45,32,120,192,0,484,5940,116,2592,15,819,0,325,182,116,508,19,91,398,214,93,222,0,299,286,26,222,395,175,182,69,117,270,1,1,1,1,1,1,1,1,1,1,1,1,1,1,1,1,1,1,1,1,1,1,1,1,1,1,0,0,2,Petersilie,0,Gewürze & Kräuter,Gewürze & Kräuter,lexolino
158,Pfeffer,Pfeffer,,298,1249,"11,6","3,4","54,1","48,3","13,3",0,"0,9","0,9","1,1",0,0,0,0,0,0,0,"0,1","0,2","0,2",0,0,0,"1,2","0,5",0,421,64,1361,179,41,165,98,0,1175,11872,51,6240,5,1274,0,566,1150,219,1078,134,494,2424,637,223,458,0,915,431,140,352,589,318,395,121,322,588,1,1,1,1,1,1,1,1,1,1,1,1,1,1,1,1,1,1,1,1,1,1,1,1,1,1,0,0,1,Pfeffer,0,Gewürze & Kräuter,Gewürze & Kräuter,lexolino
159,Pfeffer schwarz,Pfeffer (schwarz),,281,1174,"11,1","3,3","50,4","50,4","13,8",0,"0,9","0,9",1,0,0,0,0,0,0,0,"0,1","0,2","0,2",0,0,0,"1,2","0,5",0,396,62,1373,200,43,172,108,0,1187,11984,48,6695,5,1302,0,572,1186,131,1157,139,242,2145,604,252,458,0,915,478,140,318,550,314,427,110,310,670,1,1,1,1,1,1,1,1,1,1,1,1,1,1,1,1,1,1,1,1,1,1,1,1,1,1,0,0,1,Pfeffer,0,Gewürze & Kräuter,Gewürze & Kräuter,lexolino
160,Pfeffer weiß,Pfeffer weiß,,343,1435,"10,8","2,1","68,8","53,2","3,9",0,"0,5","0,5","0,7",0,0,0,0,0,0,0,0,"0,1","0,2",0,0,0,"0,2","0,5",0,257,61,74,93,5,166,92,0,1040,15444,48,4815,5,1133,0,595,1062,149,985,115,360,2382,559,243,441,0,777,451,114,340,567,306,362,121,296,591,1,1,1,1,1,1,1,1,1,1,1,1,1,1,1,1,1,1,1,1,1,1,1,1,1,1,0,0,2,Pfeffer,0,Gewürze & Kräuter,Gewürze & Kräuter,lexolino
161,Pfefferminz,Pfefferminz,,43,180,"3,9","0,7",5,4,"3,1",0,"0,1",0,"0,4",0,0,"0,1","28,5",0,"4,7","0,3","0,1","0,3",0,0,0,0,"1,1","0,2",0,218,34,268,32,15,71,85,0,119,8930,50,1330,4,1248,0,201,147,443,372,40,625,524,105,54,144,0,249,201,45,106,144,121,129,36,78,150,1,1,1,1,1,1,1,1,1,1,1,1,1,1,1,1,1,1,1,1,1,1,1,1,1,1,0,0,1,Pfefferminz,0,Gewürze & Kräuter,Gewürze & Kräuter,lexolino
162,Pilz,Pilz,,17,69,"2,9","0,2","0,6","0,1","1,9",0,"0,1",0,"0,1",0,0,0,5,0,"0,1",0,"0,1","0,5","0,1",0,0,0,"5,6",2,0,11,61,418,14,9,125,35,0,384,1079,33,93,18,572,0,141,190,444,130,16,676,198,67,59,120,0,124,168,26,73,165,75,82,22,66,90,1,1,1,1,1,1,1,1,1,1,1,1,1,1,1,1,1,1,1,1,1,1,1,1,1,1,0,0,2,Pilz,0,Gemüse,Gemüse,lexolino
163,Pinienkerne,Pinienkerne,,599,2506,"23,3","51,2","6,6",0,"6,8",0,"6,6","20,4","21,8",0,0,0,"1,9",0,"14,1",0,"0,8","0,2","0,1",0,0,0,"3,7","0,2",0,24,38,552,254,4,495,137,0,979,9108,46,4601,2,4420,0,1297,4308,5,1964,400,19,4000,1258,533,879,0,1714,864,396,906,1348,974,763,297,882,1224,1,1,1,1,1,1,1,1,1,1,1,1,1,1,1,1,1,1,1,1,1,1,1,1,1,1,0,0,3,Pinienkerne,Kürbiskern,Nüsse & Samen,Sonstiges,lexolino
164,Porree,Porree,,26,108,"2,2","0,4","3,3","2,1","2,3",0,"0,1",0,"0,2",0,0,"0,2","24,5",0,"0,5","0,2","0,1","0,1","0,3",0,0,0,"0,5","0,1",0,95,26,223,18,5,48,54,0,56,990,11,173,1,335,0,89,112,223,163,12,450,330,70,33,71,0,106,114,27,63,62,78,79,15,40,81,1,1,1,1,1,1,1,1,1,1,1,1,1,1,1,1,1,1,1,1,1,1,1,1,1,1,0,0,1,Porree,Lauch,Gemüse,Gemüse,lexolino
165,Porree gegart,Porree gegart,,23,98,"2,4","0,3","2,6","1,6","2,2",0,"0,1",0,"0,2",0,0,"0,2","11,8",0,"0,6","0,2",0,"0,1","0,2",0,0,0,"0,4","0,1",0,85,24,141,11,4,47,63,0,63,881,11,208,1,251,0,93,118,273,161,14,549,323,80,36,70,0,116,112,25,63,62,74,79,15,41,85,1,1,1,1,1,1,1,1,1,1,1,1,1,1,1,1,1,1,1,1,1,1,1,1,1,1,0,0,1,Porree,Lauch,Gemüse,Gemüse,lexolino
166,Pute,Porree gegart,,217,909,"18,7","15,1",0,0,0,0,"5,1","3,9","5,1","0,1",0,0,0,0,"0,5",0,"0,1","0,2","0,5",0,0,0,"10,6","1,1",0,23,112,300,26,59,240,210,0,94,1302,41,36,1,2000,0,1101,1337,29,1798,279,16,3337,969,655,975,0,1468,1649,493,758,964,882,934,216,771,1058,0,0,0,1,1,1,1,1,1,1,1,1,1,1,1,1,1,1,1,1,1,1,1,1,1,1,0,0,2,Pute,"Hähnchen (Brust),Geflügel",Fleisch,Fleisch & Fisch,lexolino
167,Pute (Brust),Pute (Brust),,103,431,"22,9","1,1",0,0,0,0,"0,3","0,3","0,3","0,1",0,0,0,0,"0,8",0,0,"0,1","0,4",0,0,0,"12,2","0,6",0,14,109,340,18,48,214,216,0,133,920,42,29,1,1854,0,1223,1518,69,2061,300,118,3543,1157,752,1228,0,1898,2264,608,877,1161,906,1032,276,793,1111,0,0,0,1,1,1,1,1,1,1,1,1,1,1,1,1,1,1,1,1,1,1,1,1,1,1,0,0,2,Pute,"Hähnchen (Brust),Geflügel",Fleisch,Fleisch & Fisch,lexolino
168,Pute Hackfleisch,Pute (Brust),,140,580,22,"4,5",2,1,"0,5",,"1,5",,,,,,,,,,,,,,,,,,,,,,,60,,,,,,,,,,,,,,,,,,,,,,,,,,,,,,,,0,0,0,1,1,1,1,1,1,1,1,1,1,1,1,1,1,1,1,1,1,1,1,1,1,1,0,0,2,Pute,"Schwein Hackfleisch, Rind Hackfleisch",Fleisch,Fleisch & Fisch,
169,Quark,Quark,,69,288,"12,7","0,2","3,8",0,0,0,"0,1","0,1",0,0,0,0,"0,7",0,0,0,0,"0,3","0,1",0,0,0,"0,2","0,7",0,128,105,134,10,40,182,105,0,18,364,17,7,10,588,0,365,415,21,812,69,13,2935,227,408,693,0,1315,962,302,664,1560,716,571,167,627,794,0,0,0,1,0,1,1,1,1,1,1,1,1,1,1,1,1,1,1,1,1,1,1,1,1,1,0,0,2,Quark,0,Milch & Milchprodukte,Milchprodukte,lexolino
170,Quark Magerstufe,Quark Magerstufe,,74,310,"13,6","0,2","4,1",0,0,0,"0,1","0,1",0,0,0,0,"0,7",0,0,0,0,"0,3","0,1",0,0,0,"0,2","0,7",0,115,111,153,11,43,192,106,0,16,420,16,7,10,576,0,394,468,17,770,65,34,2878,203,416,795,0,1392,972,292,602,1590,681,593,192,615,875,0,0,0,1,0,1,1,1,1,1,1,1,1,1,1,1,1,1,1,1,1,1,1,1,1,1,0,0,2,Quark,0,Milch & Milchprodukte,Milchprodukte,lexolino
171,Radieschen,Radieschen,,15,64,"1,1","0,1","2,3",2,"1,7",0,0,0,"0,1",0,0,0,"31,6",0,0,0,0,0,"0,1",0,0,0,"0,3","0,2",0,33,48,235,7,15,24,34,0,49,1500,73,124,8,165,0,40,64,77,81,11,196,206,32,19,50,0,64,56,12,37,25,33,51,5,19,56,1,1,1,1,1,1,1,1,1,1,1,1,1,1,1,1,1,1,1,1,1,1,1,1,1,1,0,0,1,Radieschen,0,Gemüse,Gemüse,lexolino
172,Rahmspinat (TK),Rahmspinat (TK),,65,270,3,4,5,1,2,,1,,,,,,,,,,,,,,,,,,,,,,,383,,,,,,,,,,,,,,,,,,,,,,,,,,,,,,,,1,1,1,1,1,1,1,1,1,1,1,1,1,1,1,1,1,1,1,1,1,1,1,1,1,1,0,0,2,Spinat,Spinat,Gemüse,Gemüse,
173,Rapsöl,Rapsöl,,865,3620,0,"92,8",0,0,0,0,8,"51,8",29,0,0,"0,6",0,0,"22,4","0,1",0,0,0,0,0,0,0,0,0,1,1,1,1,1,1,0,0,1,91,0,1,0,1,0,0,0,41,0,0,9,0,0,0,0,0,0,0,0,0,0,0,0,0,0,0,1,1,1,1,1,1,1,1,1,1,1,1,1,1,1,1,1,1,1,1,1,1,1,1,1,1,0,0,2,Rapsöl,"Olivenöl,Sesamöl,Sonnenblumenöl,Erdnussöl,Butter,Magarine",Fette & Speiseöle,Sonstiges,lexolino
174,Reis,Reis,,342,1429,"7,3","0,6","75,4","0,1","1,3",0,"0,1","0,2","0,2",0,0,0,0,0,"0,2",0,"0,1",0,"0,1",0,0,0,"1,3","0,6",0,6,26,106,59,5,122,75,0,138,570,53,2180,2,495,0,443,432,188,604,84,418,1344,298,109,343,0,575,250,134,342,366,312,290,63,282,431,1,1,1,1,1,1,1,1,1,1,1,1,1,1,1,1,1,1,1,1,1,1,1,1,1,1,0,0,2,Reis,0,Gemüse,Gemüse,lexolino
175,Rind Hackfleisch,Rind Hackfleisch,,208,871,20,"13,4","0,4",0,0,0,"5,4","6,8","0,5","0,1",0,0,0,0,"0,4",0,"0,2","0,2","0,2",0,0,0,7,"0,5",0,6,51,316,20,62,156,180,0,86,1939,55,19,0,3507,0,1242,1163,219,1774,222,387,3145,874,615,1042,0,1719,1830,516,830,838,701,917,207,608,1198,0,0,0,1,1,1,1,1,1,1,1,1,1,1,1,1,1,1,1,1,1,1,1,1,1,1,0,0,3,Rind,"Schwein Hackfleisch, Pute Hackfleisch",Fleisch,Fleisch & Fisch,lexolino
176,Rind Hackfleisch gegart,Rind Hackfleisch gegart,,227,948,"26,2","12,6","0,7",0,0,0,"5,5",6,"0,4","0,1",0,0,0,0,"0,4",0,"0,1","0,2","0,1",0,0,0,"4,4","0,4",0,6,59,237,17,43,178,218,0,117,2481,81,25,0,4717,0,1660,1741,28,2517,294,25,4506,1215,854,1537,0,2169,2596,669,1223,1189,984,1227,309,919,1542,0,0,0,1,1,1,1,1,1,1,1,1,1,1,1,1,1,1,1,1,1,1,1,1,1,1,0,0,3,Rind,"Schwein Hackfleisch, Pute Hackfleisch",Fleisch,Fleisch & Fisch,lexolino
177,Rind Steak,Rind Steak,,156,651,"23,6","6,4",0,0,0,0,"2,7",3,"0,3","0,1",0,0,0,0,"0,4",0,"0,1","0,1","0,2",0,0,0,"4,7","0,3",0,3,107,333,23,57,171,199,0,78,1983,54,22,0,4058,0,1447,1503,830,2134,264,1301,3348,882,711,1145,0,1640,1999,589,821,938,745,998,264,800,1206,0,0,0,1,1,1,1,1,1,1,1,1,1,1,1,1,1,1,1,1,1,1,1,1,1,1,0,0,3,Rind,Schwein Steak,Fleisch,Fleisch & Fisch,lexolino
178,Rind Steak gegart,Rind Steak gegart,,181,759,"31,9","5,6",0,0,0,0,"2,4","2,5","0,2","0,1",0,0,0,0,"0,5",0,"0,1","0,2","0,1",0,0,0,"3,3","0,3",0,3,138,250,19,38,157,229,0,98,2595,90,25,0,4852,0,1976,1952,811,2737,327,1395,4709,1389,1031,1690,0,2507,2513,696,1268,1230,1060,1470,320,1031,1765,0,0,0,1,1,1,1,1,1,1,1,1,1,1,1,1,1,1,1,1,1,1,1,1,1,1,0,0,3,Rind,Schwein Steak,Fleisch,Fleisch & Fisch,lexolino
179,Römersalat / Romanasalat,Römersalat / Romanasalat,,"18,3","73,3","1,3","0,2","1,3","1,3","1,8",,"0,0","0,0","0,1","0,0",,"87,0","11,2","0,0","0,6",,"0,1","0,1","0,1","0,0",,"57,0","0,3","0,1",,"39,2","44,9","196,3","9,0","7,8","24,6",,,"0,6",,,"3,7","0,2",,,,,,,,,,,,,,,,,,,,,,,,1,1,1,1,1,1,1,1,1,1,1,1,1,1,1,1,1,1,1,1,1,1,1,1,1,1,0,0,2,Römersalat / Romanasalat,0,Gemüse,Gemüse,
180,Rosenkohl,Rosenkohl,,34,144,"4,3","0,3","3,4",2,4,0,"0,1",0,"0,2",0,0,"0,1","109,8",0,"0,6","0,2","0,1","0,1","0,3",0,0,"0,1","0,7","0,5",0,30,43,375,21,9,80,96,0,66,1166,9,239,0,620,0,195,262,45,486,21,71,762,157,94,167,0,198,200,45,126,756,229,143,43,91,181,1,1,1,1,1,1,1,1,1,1,1,1,1,1,1,1,1,1,1,1,1,1,1,1,1,1,0,0,1,Rosenkohl,0,Gemüse,Gemüse,lexolino
181,Rosmarin,Rosmarin,,55,230,"0,7","2,4","7,4","6,5",3,0,"0,5","0,1","1,3",0,0,"0,1",0,0,0,0,"0,1",0,0,0,0,0,"0,2",0,0,222,33,154,36,8,12,18,0,98,4402,16,81,1,539,0,43,35,50,75,8,81,120,21,12,32,0,45,44,10,26,30,24,29,7,17,35,1,1,1,1,1,1,1,1,1,1,1,1,1,1,1,1,1,1,1,1,1,1,1,1,1,1,0,0,2,Rosmarin,0,Gewürze & Kräuter,Gewürze & Kräuter,lexolino
182,Röstzwiebeln,Röstzwiebeln,,95,390,"3,1","0,476","16,7","16,7","4,29",0,"0,0952","0,0476","0,167",0,,"0,398","14,2",0,"0,33",,"0,13","0,045","0,3",0,,33,"0,68","0,21",,"67,9","45,2",250,"22,4","8,93",80,,,"0,619",,,"4,29","0,452",,,,,,,,,,,,,,,,,,,,,,,,1,1,1,1,1,1,1,1,1,1,1,1,1,1,1,1,1,1,1,1,1,1,1,1,1,1,0,0,2,Röstzwiebeln,0,Gemüse,Gemüse,
183,Rote Beete,Rote Beete,,31,128,"1,5","0,1","5,9","0,5","2,5",0,0,0,0,0,0,0,"6,7",0,0,0,0,0,0,0,0,0,"0,2","0,1",0,30,77,152,17,29,42,16,0,73,839,21,156,0,288,0,31,31,89,94,17,345,364,31,18,38,0,52,78,25,40,35,33,42,11,49,39,1,1,1,1,1,1,1,1,1,1,1,1,1,1,1,1,1,1,1,1,1,1,1,1,1,1,0,0,2,Rote Beete,0,Gemüse,Gemüse,lexolino
184,Rote Linsen,Rote Linsen,,345,1440,"23,8","1,8","52,5",2,"10,1",,"0,5",,,,,,,,,,,,,,,,,,,,,,,10,,,,,,,,,,,,,,,,,,,,,,,,,,,,,,,,1,1,1,1,1,1,1,1,1,1,1,1,1,1,1,1,1,1,1,1,1,1,1,1,1,1,0,0,2,Linsen,0,Gemüse,Gemüse,
185,Rotwein (12% vol.),Rotwein (12% vol.),,290,290,70,0,"0,3","0,29",0,,0,0,0,0,,0,0,0,0,,0,"0,02","0,02",0,,0,"0,1","0,1",,8,10,115,15,5,14,,,,"0,9",,,10,"0,13",,,,,,,,,,,,,,,,,,,,,,,1,1,1,0,1,0,0,1,1,1,1,1,1,1,1,1,1,1,1,1,1,1,1,1,1,1,0,0,2,Rotwein,Rotwein (9% vol.),Getränke,Getränke,
186,Rotwein (9% vol.),Rotwein (9% vol.),,230,230,55,0,"0,2","0,2",0,,0,0,0,0,,0,0,0,0,,0,"0,02","0,02",0,,0,"0,1","0,1",,8,10,115,15,5,14,,,,"0,9",,,10,"0,13",,,,,,,,,,,,,,,,,,,,,,,1,1,1,0,1,0,0,1,1,1,1,1,1,1,1,1,1,1,1,1,1,1,1,1,1,1,0,0,2,Rotwein,Rotwein (12% vol.),Getränke,Getränke,
187,Rucola,Rucola,,30,120,"2,6","0,7","2,1","2,1","1,6",,"0,09","0,05","0,32",0,,237,15,0,"0,43",,"0,04","0,09","0,07",0,,97,"0,3",0,,160,0,369,0,27,52,,,,"1,5",,,,,,,,,,,,,,,,,,,,,,,,,,,1,1,1,1,1,1,1,1,1,1,1,1,1,1,1,1,1,1,1,1,1,1,1,1,1,1,0,0,2,Rucola,0,Gemüse,Gemüse,
188,Safran,Safran,,349,1459,"11,7","5,8","60,9","53,6","4,1",0,"1,8","1,9","0,9",0,0,"0,1",0,0,0,0,0,0,0,0,0,0,"1,4",0,0,100,196,1772,194,159,240,101,0,327,10878,416,26412,5,2160,0,553,465,1106,1106,115,1812,1813,303,166,492,0,705,599,148,345,479,325,391,117,210,492,1,1,1,1,1,1,1,1,1,1,1,1,1,1,1,1,1,1,1,1,1,1,1,1,1,1,0,0,2,Safran,0,Gewürze & Kräuter,Gewürze & Kräuter,lexolino
189,Sahne,Sahne,,293,1226,"2,5",29,3,0,0,0,"17,5","8,8","1,2","0,1",0,"0,4","1,1",0,"0,8",0,0,"0,1",0,0,0,0,"0,1","0,3",0,86,54,100,9,32,60,22,0,18,113,10,3,9,291,0,77,88,22,189,20,35,528,49,60,150,0,242,169,55,117,219,131,95,34,108,152,0,0,0,1,0,1,1,1,1,1,1,1,1,1,1,1,1,1,1,1,1,1,1,1,1,1,0,0,2,Sahne,0,Milch & Milchprodukte,Milchprodukte,lexolino
190,Sambal Oelek,Sambal Oelek,,45,188,2,"1,5",3,"2,5",,,,,,,,,,,,,,,,,,,,,,,,,,,,,,,,,,,,,,,,,,,,,,,,,,,,,,,,,,1,1,1,1,1,1,1,1,0,1,1,1,1,1,1,1,1,1,1,1,1,1,1,1,1,1,0,0,2,Sambal Oelek,0,Gewürze & Kräuter,Gewürze & Kräuter,http://fddb.info/db/de/lebensmittel/diverse_sambal_oelek_318965/index.html
191,Sauce Hollandaise,Sauce Hollandaise,,122,509,"5,4","8,4","5,3","0,2","0,1",0,4,"2,8","0,6","0,1",0,"0,1",0,0,"0,5",0,0,"0,1",0,0,0,0,"0,6","0,2",0,23,86,78,7,55,88,48,0,76,1151,26,73,3,1155,0,273,329,218,502,68,329,756,184,148,279,0,445,394,118,187,204,240,257,61,174,283,0,0,0,1,0,1,1,1,1,1,1,1,1,1,1,1,1,1,1,1,1,1,1,1,1,1,0,0,2,Sauce Hollandaise,0,Milch & Milchprodukte,Milchprodukte,lexolino
192,Sauerkraut,Sauerkraut,,11,48,"1,4","0,3","0,7","0,6","3,7",0,"0,1",0,"0,2",0,0,0,"19,4",0,"0,1","0,1",0,0,"0,2",0,0,0,"0,2","0,2",0,48,860,291,13,341,42,38,0,120,552,43,151,1,294,0,61,103,42,136,19,24,337,36,30,41,0,82,71,14,43,261,86,53,15,29,56,1,1,1,1,1,0,1,1,1,1,1,1,1,1,1,1,1,1,1,1,1,1,1,1,1,1,0,0,2,Sauerkraut,0,Gemüse,Gemüse,lexolino
193,Saure Sahne,Saure,,123,514,"3,2","10,4","3,2",0,0,0,"6,2","3,3","0,4",0,0,"0,1",1,0,"0,3",0,0,"0,2",0,0,0,0,"0,1","0,4",0,103,74,139,12,37,85,26,0,24,98,11,4,11,447,0,93,108,61,218,24,164,585,59,68,168,0,316,220,75,142,265,151,121,38,146,202,0,0,0,1,0,1,1,1,1,1,1,1,1,1,1,1,1,1,1,1,1,1,1,1,1,1,0,0,2,Saure Sahne,0,Milch & Milchprodukte,Milchprodukte,lexolino
194,Schafkäse,Schafskäse,,360,1490,24,29,"0,5","0,5",0,,17,,,,,,,,,,,,,,,,,,,,,,,670,-,-,-,-,-,-,-,-,-,-,-,-,-,-,-,-,-,-,-,-,-,-,-,-,-,-,-,-,-,-,-,0,0,0,1,0,1,1,1,1,1,1,1,1,1,1,1,1,1,1,1,1,1,1,1,1,1,0,0,2,Schafskäse,0,Käse & Käsezubereitungen,Milchprodukte,lexolino
195,Schafskäse,Schafskäse,,360,1490,24,29,"0,5","0,5",0,,17,,,,,,,,,,,,,,,,,,,,,,,670,,,,,,,,,,,,,,,,,,,,,,,,,,,,,,,,0,0,0,1,0,1,1,1,1,1,1,1,1,1,1,1,1,1,1,1,1,1,1,1,1,1,0,0,2,Schafskäse,0,Käse & Käsezubereitungen,Milchprodukte,
196,Schalotte,Schalotte,,21,88,"1,4","0,2","3,4",2,"1,6",0,0,0,"0,1",0,0,0,"12,9",0,"0,3","0,3",0,"0,1","0,2",0,0,0,"0,6","0,1",0,36,23,354,4,13,56,53,0,49,1152,38,95,3,432,0,38,185,86,75,27,257,224,60,16,25,0,44,64,14,40,44,41,26,20,48,31,1,1,1,1,1,1,1,1,1,1,1,1,1,1,1,1,1,1,1,1,1,1,1,1,1,1,0,0,2,Schalotte,0,Gemüse,Gemüse,lexolino
197,Schinkenwürfel,Schinkenwürfel,,150,630,18,8,1,1,"0,5",,3,,,,,,,,,,,,,,,,,,,,,,,800,,,,,,,,"4,6","3,67",,,,,,,,,,,,,,,,,,,,,,,0,0,0,1,1,1,1,1,1,1,1,1,1,1,1,1,1,1,1,1,1,1,1,1,1,1,0,0,2,Schinkenwürfel,0,Fleisch,Fleisch & Fisch,
198,Schinkenwurst,Schinkenwurst,,306,1281,"11,5","27,7","0,3","0,2","0,1",0,10,"12,8","3,3","0,1",0,0,"23,9",0,"0,3",0,"0,7","0,2","0,4",0,0,0,"2,3","0,4",0,14,1232,273,26,923,151,138,0,78,913,56,91,2,1630,0,665,669,186,997,149,347,1866,580,402,518,0,822,928,293,429,487,482,552,123,397,629,0,0,0,1,1,1,1,1,1,1,1,1,1,1,1,1,1,1,1,1,1,1,1,1,1,1,0,0,2,Schinkenwurst,0,Fleisch,Fleisch & Fisch,lexolino
199,Schlagsahne,Schlagsahne,,302,1266,"2,4","30,1","2,9",0,0,0,"17,7","9,5","1,2","0,1",0,"0,3",1,0,"0,9",0,0,"0,2",0,0,0,0,"0,1","0,3",0,80,50,104,8,31,55,22,0,17,105,10,3,10,349,0,90,77,21,196,21,27,472,56,58,150,0,239,183,59,115,230,133,99,33,120,158,0,0,0,1,0,1,1,1,1,1,1,1,1,1,1,1,1,1,1,1,1,1,1,1,1,1,0,0,2,Schlagsahne,0,Milch & Milchprodukte,Milchprodukte,lexolino
200,Schmand,Schmand,,170,690,3,"15,3",4,4,0,,9,,,,,,,,,,,,,,,,,,,,,,,110,,,,,,,,,,,,,,,,,,,,,,,,,,,,,,,,0,0,0,1,0,1,1,1,1,1,1,1,1,1,1,1,1,1,1,1,1,1,1,1,1,1,0,0,2,Schmand,0,Milch & Milchprodukte,Milchprodukte,
201,Schmelzkäse,Schmelzkäse,,337,1409,"13,6","29,8","0,9",0,0,0,"18,1","9,1",1,"0,1",0,"0,3",0,0,"0,6",0,0,"0,3","0,1",0,0,0,"0,1","0,5",0,612,882,137,41,1144,792,270,0,128,1116,141,50,36,3424,0,335,440,89,793,61,294,2621,215,352,770,0,1304,1000,292,662,1525,638,584,184,613,824,0,0,0,1,0,1,1,1,1,1,1,1,1,1,1,1,1,1,1,1,1,1,1,1,1,1,0,0,2,Schmelzkäse,0,Käse & Käsezubereitungen,Milchprodukte,lexolino
202,Schnittlauch,Schnittlauch,,26,110,"3,4","0,6","1,6","1,4","6,4",0,"0,1",0,"0,4",0,0,"0,1","43,7",0,"1,6","0,5","0,1","0,1","0,4",0,0,0,"0,6","0,2",0,120,81,404,41,3,69,74,0,91,2071,53,276,4,488,0,161,240,69,319,27,147,682,168,57,156,0,203,166,34,125,231,169,141,42,95,169,1,1,1,1,1,1,1,1,1,1,1,1,1,1,1,1,1,1,1,1,1,1,1,1,1,1,0,0,2,Schnittlauch,0,Gewürze & Kräuter,Gewürze & Kräuter,lexolino
203,Schwein Gulasch,Schwein,,164,685,20,"8,8",0,0,0,0,"3,2","3,8",1,"0,1",0,0,0,0,"0,4",0,"0,8","0,2","0,6",0,0,0,"4,4","0,6",0,9,73,307,26,71,141,179,0,93,1728,78,14,1,3710,0,1032,1276,72,2027,225,109,3068,1156,756,900,0,1457,1786,490,849,973,859,970,224,785,978,0,0,0,1,1,1,1,1,1,1,1,1,1,1,1,1,1,1,1,1,1,1,1,1,1,1,0,0,2,Schwein,0,Fleisch,Fleisch & Fisch,lexolino
204,Schwein Hackfleisch,Schwein,,255,1067,"18,7","19,2",0,0,0,0,"6,9","9,2","2,1","0,1",0,0,0,0,"0,5",0,"0,7","0,2","0,4",0,0,0,"4,2","0,6",0,3,57,356,22,42,149,155,0,53,832,48,61,1,1709,0,1018,1143,377,1752,198,656,3046,944,659,892,0,1321,1498,423,698,849,719,760,214,691,825,0,0,0,1,1,1,1,1,1,1,1,1,1,1,1,1,1,1,1,1,1,1,1,1,1,1,0,0,2,Schwein,"Rind Hackfleisch,Pute Hackfleisch",Fleisch,Fleisch & Fisch,lexolino
205,Schwein Schinken gekocht,Schwein,,113,471,"18,1","3,8","0,9",0,0,0,"1,3","1,7","0,4",0,0,0,0,0,"0,2",0,"0,3","0,2","0,2",0,0,0,"1,4","0,3",0,18,2414,138,19,999,109,142,0,54,984,53,64,3,1782,0,1044,1088,44,1849,217,2,3126,1045,665,917,0,1251,1681,461,789,837,817,835,185,624,1024,0,0,0,1,1,1,1,1,1,1,1,1,1,1,1,1,1,1,1,1,1,1,1,1,1,1,0,0,2,Schwein,0,Fleisch,Fleisch & Fisch,lexolino
206,Schwein Schinkenspeck,Schwein,,156,651,"20,3","7,9",0,0,0,0,"2,5","3,7","0,9","0,1",0,0,0,0,"0,3",0,"0,9","0,2","0,5",0,0,0,"3,2","0,6",0,2,57,296,22,65,148,186,0,49,1223,54,66,1,1956,0,1219,1210,97,1791,236,193,3546,1087,648,942,0,1420,1748,528,828,904,909,856,233,805,1098,0,0,0,1,1,1,1,1,1,1,1,1,1,1,1,1,1,1,1,1,1,1,1,1,1,1,0,0,2,Schwein,Schwein Speck,Fleischwaren & Wurstwaren,Fleisch & Fisch,lexolino
207,Schwein Speck,Schwein Speck,,148,620,"16,4","8,3","0,9",0,0,0,"2,9","3,9","0,9",0,0,0,0,0,"0,2",0,"0,7","0,1","0,4",0,0,0,"2,3","0,3",0,33,3044,227,49,2177,131,156,0,50,1405,46,59,3,1115,0,962,959,0,1465,202,13,3051,946,553,788,0,1139,1471,473,742,764,813,761,193,655,874,0,0,0,1,1,1,1,1,1,1,1,1,1,1,1,1,1,1,1,1,1,1,1,1,1,1,0,0,2,Speck,Schwein Schinkenspeck,Fleischwaren & Wurstwaren,Fleisch & Fisch,lexolino
208,Schwein Steak,Schwein,,183,765,"21,9",10,0,0,0,0,"3,6","4,6","1,1","0,1",0,0,0,0,"0,4",0,"0,8","0,2","0,5",0,0,0,"4,4","0,5",0,12,69,317,53,64,132,172,0,52,1583,44,57,1,1254,0,1196,1100,870,1735,231,1613,3214,1077,746,1000,0,1478,1725,487,861,868,944,821,244,723,1004,0,0,0,1,1,1,1,1,1,1,1,1,1,1,1,1,1,1,1,1,1,1,1,1,1,1,0,0,2,Schwein,Rind Steak,Fleisch,Fleisch & Fisch,lexolino
209,Seelachs,Seelachs,,99,412,"21,5","1,2",0,0,0,0,"0,1","0,3","0,3","0,1",0,0,"0,7",0,"0,4",0,0,"0,2","0,2",0,0,0,"2,5","0,3",0,16,194,331,29,96,195,214,0,50,541,41,20,158,662,0,1269,1228,838,2046,209,1129,2755,1000,543,982,0,1562,1842,598,785,858,942,989,196,703,1051,0,0,0,1,1,1,1,1,1,1,1,1,1,1,1,1,1,1,1,1,1,1,1,1,1,1,0,0,2,Lachs,"Lachs,Lachs geräuchert,Lachsfilet",Fisch,Fleisch & Fisch,lexolino
210,Sellerie,Sellerie,,15,63,"1,2","0,2",2,"1,2","2,6",0,0,0,"0,1",0,0,"0,5","6,4",0,"0,2",0,0,"0,1","0,1",0,0,0,"0,5","0,4",0,80,124,337,12,139,51,15,0,121,470,73,103,0,108,0,60,51,107,113,12,116,122,58,26,44,0,86,76,18,62,52,44,54,17,34,72,1,1,1,1,1,1,1,1,1,1,1,1,1,1,1,1,1,1,1,1,1,1,1,1,1,1,0,0,2,Sellerie,0,Gewürze & Kräuter,Gewürze & Kräuter,lexolino
211,Senf,Senf,,81,341,"6,1","3,7","5,5",1,"1,1",0,"0,2","2,5","0,9",0,0,0,0,0,0,0,0,"0,2","0,1",0,0,0,"4,9","0,5",0,127,2300,138,107,1213,182,184,0,464,2160,33,227,2,428,0,285,406,63,477,138,146,1110,331,187,237,0,458,338,112,266,457,245,237,115,162,290,1,1,1,1,1,0,1,1,1,1,1,1,1,1,1,1,1,1,1,1,1,1,1,1,1,1,0,0,2,Senf,0,Gewürze & Kräuter,Gewürze & Kräuter,lexolino
212,Senf mittelstark,Senf mittelstark,,85,355,"5,7","3,9","6,2",1,"1,1",0,"0,2","2,5","0,9",0,0,0,3,0,0,0,0,"0,2","0,1",0,0,0,"5,1","0,5",0,122,2375,120,110,1236,184,182,0,444,2180,27,240,2,408,0,268,393,10,505,149,19,1278,300,182,240,0,399,382,120,226,430,281,245,128,179,328,1,1,1,1,1,0,1,1,1,1,1,1,1,1,1,1,1,1,1,1,1,1,1,1,1,1,0,0,2,Senf,0,Gewürze & Kräuter,Gewürze & Kräuter,lexolino
213,Sesamöl,Sesamöl,,995,4162,"0,2","99,5",0,0,0,0,"13,8","43,1","45,4",0,0,0,0,0,"3,2",0,0,"0,1",0,0,0,0,"0,1",0,0,9,0,20,0,2,0,0,0,0,105,0,0,0,0,0,9,25,1,15,4,2,45,9,5,7,0,13,5,5,8,7,10,8,3,7,10,1,1,1,0,1,1,1,1,1,1,1,1,1,1,1,1,1,1,1,1,1,1,1,1,1,1,0,0,2,Sesamöl,"Olivenöl,Rapsöl,Sonnenblumenöl, Kokosöl,Butter,Magarine",Fette & Speiseöle,Sonstiges,lexolino
214,Sesampaste,Sesampaste,,622,2605,18,57,9,,10,,,,23,0,,0,0,,4,,1,0,1,,,,,,,666,,389,295,38,516,,,,9,,,,,,,,,,,,,,,,,,,,,,,,,,,1,1,1,0,1,1,1,0,1,1,1,1,1,1,1,1,1,1,1,1,1,1,1,1,1,1,0,0,2,Sesampaste,0,"Getreideprodukte, Nährmittel, Backwaren",Gewürze & Kräuter,http://de.nutritiv.org/kalorien-vitamine-mineralstoffe/sesampaste/3447
215,Sherry,Sherry,,120,500,0,0,4,4,0,0,0,0,0,0,,0,0,0,0,,0,0,0,0,,1,0,0,,9,7,89,8,6,7,,,1,,,10,0,,,,,,,,,,,,,,,,,,,,,,,,1,1,1,1,1,1,0,1,1,1,1,1,1,1,1,1,1,1,1,1,1,1,1,1,1,1,0,0,2,Sherry,0,Getränke,Getränke,
216,Shiratakinudeln,Shiratakinudeln,,12,50,"1,1","0,1","0,1","0,1","3,6",,,,,,,,,,,,,,,,,,,,,,,,,,,,,,,,,,,,,,,,,,,,,,,,,,,,,,,,,1,1,1,1,1,1,1,1,1,1,1,1,1,1,1,1,1,1,1,1,1,1,1,1,1,1,0,0,2,Shiratakinudeln,0,Gemüse,Gemüse,http://fddb.info/db/de/lebensmittel/diverse_shiratakinudeln/index.html
217,Sojaflocken,Sojaflocken,,450,1870,"41,4","22,9","12,9",7,"12,6",,"2,5",,,,,,,,,,,,,,,,,,,,,,,2,,,,,,,,,,,,,,,,,,,,,,,,,,,,,,,,1,1,1,1,1,1,1,1,1,1,1,1,1,1,1,1,1,1,1,1,1,1,1,1,1,1,0,0,2,Sojaflocken,0,Gemüse,Gemüse,
218,Sojasauce,Sojasauce,,106,444,"9,9","4,7","5,4","0,3","4,2",0,"0,7","0,8","2,8",0,0,0,1,0,"0,4","0,1","0,4","0,1","0,2",0,0,0,"0,7","0,5",0,79,1680,600,69,1283,177,56,0,471,4151,42,1164,2,1464,0,384,717,17,1188,150,28,1931,445,210,439,0,761,580,134,435,552,549,417,115,370,469,1,1,1,1,1,1,0,1,1,1,1,1,1,1,1,1,1,1,1,1,1,1,1,1,1,1,0,0,2,Sojasauce,0,Gewürze & Kräuter,Gewürze & Kräuter,lexolino
219,Sonnenblumenkerne,Sonnenblumenkerne,,601,2513,"24,3","48,2","12,9",0,"5,9",0,"5,3","10,1","30,8",0,0,0,0,0,"38,5",0,"1,9","0,2","0,5",0,0,"0,1","3,8","3,4",0,108,47,710,403,2,674,131,0,2338,5859,82,2266,13,5457,0,920,2108,426,2028,461,1147,5462,1337,490,1178,0,1550,817,428,1140,1024,900,809,312,540,1191,1,1,1,1,1,1,1,1,1,1,1,1,1,1,1,1,1,1,1,1,1,1,1,1,1,1,0,0,2,Sonnenblumenkerne,"Kürbiskern,Pinienkerne",Nüsse & Samen,Sonstiges,lexolino
220,Sonnenblumenöl,Sonnenblumenöl,,933,3902,0,100,0,0,0,0,"11,2","23,9","60,2",0,0,0,0,0,"63,8",0,0,0,0,0,0,0,0,0,0,1,1,1,1,1,1,0,0,1,29,0,0,0,0,0,0,0,18,0,0,14,0,0,0,0,0,0,0,0,0,0,0,0,0,0,0,1,1,1,1,1,1,0,1,1,1,1,1,1,1,1,1,1,1,1,1,1,1,1,1,1,1,0,0,2,Sonnenblumenöl,"Olivenöl,Rapsöl,Sesamöl,Kokosöl,Butter,Magarine",Fette & Speiseöle,Sonstiges,lexolino
221,Spinat,Sonnenblumenöl,,16,68,"2,7","0,3","0,6","0,2","2,6",0,0,0,"0,2",0,0,"0,8","48,4",0,"1,5","0,3","0,1","0,2","0,2",0,0,"0,1","0,6","0,2",0,135,58,658,61,63,50,18,0,120,4141,120,474,13,619,0,135,151,168,227,32,215,291,116,55,111,0,194,179,44,117,106,109,122,37,105,157,1,1,1,1,1,1,1,1,1,1,1,1,1,1,1,1,1,1,1,1,1,1,1,1,1,1,0,0,2,Spinat,0,Gemüse,Gemüse,lexolino
222,Spitzpaprika,Spitzpaprika,,37,155,1,"0,5","6,4",,"3,6",,,,,,,"0,35",140,,"2,9",,"0,04","0,12","0,45",,,,,,,10,18,260,14,,30,20,,100,1000,20,100,,300,,,,,,,,,,,,,,,,,,,,,,,1,1,1,1,1,1,1,1,1,1,1,1,1,1,1,1,1,1,1,1,1,1,1,1,1,1,0,0,2,Spitzpaprika,0,Gemüse,Gemüse,http://fddb.info/db/de/lebensmittel/naturprodukt_spitzpaprika_rot/index.html
223,Steckrübe,Steckrübe,,36,150,"1,2","0,2","5,7",,"2,9",,,,,,,"0,02",33,0,"0,2",,"0,05","0,06","0,2",0,,,,,,48,31,227,11,,31,39,,100,500,30,100,4,100,,,,,,,,,,,,,,,,,,,,,,,1,1,1,1,1,1,1,1,1,1,1,1,1,1,1,1,1,1,1,1,1,1,1,1,1,1,0,0,2,Steckrübe,0,Gemüse,Gemüse,http://fddb.info/db/de/lebensmittel/naturprodukt_steckruebe_roh/index.html
224,stückige Tomaten,stückige Tomaten,,20,90,1,0,"3,5",3,1,,0,,,,,,,,,,,,,,,,,,,,,,,,,,,,,,,,,,,,,,,,,,,,,,,,,,,,,,,1,1,1,1,1,0,1,1,1,1,1,1,1,1,1,1,1,1,1,1,1,1,1,1,1,1,0,0,2,stückige Tomaten,0,Gemüse,Gemüse,
225,Suppengrün,Suppengrün,,23,98,"1,4","0,3","3,8","2,1","2,8",0,"0,1",0,"0,1",0,0,"0,5","11,8",0,"0,4","0,2","0,1","0,1","0,2",0,0,0,"0,6","0,3",0,64,80,275,17,62,47,33,0,63,1054,16,260,5,397,0,67,63,139,157,11,186,209,46,25,55,0,69,66,15,43,49,44,48,16,23,54,1,1,1,1,1,1,1,1,1,1,1,1,1,1,1,1,1,1,1,1,1,1,1,1,1,1,0,0,2,Suppengrün,0,Gewürze & Kräuter,Gewürze & Kräuter,lexolino
226,Süßstoff (flüssig),Süßstoff (flüssig),,2,8,0,0,"0,4","0,4",0,,,,,,,,,,,,,,,,,,,,,,,,,,,,,,,,,,,,,,,,,,,,,,,,,,,,,,,,,1,1,1,1,1,1,1,1,1,1,1,1,1,1,1,1,1,1,1,1,1,1,1,1,1,1,0,0,2,Süßstoff (flüssig),Zucker,Gewürze & Kräuter,Gewürze & Kräuter,http://fddb.info/db/de/lebensmittel/day_plus_suessstoff_fluessig/index.html
227,Teriyakisauce,Teriyakisauce,,84,352,"1,8","0,3",18,,,,,,,,,,,,,,,,,,,,,,,,,,,,,,,,,,,,,,,,,,,,,,,,,,,,,,,,,,,1,1,1,1,1,1,1,1,1,1,1,1,1,1,1,1,1,1,1,1,1,1,1,1,1,1,0,0,2,Teriyakisauce,0,Gewürze & Kräuter,Gewürze & Kräuter,http://fddb.info/db/de/lebensmittel/kuehne_teriyakisauce/index.html
228,Thunfisch,Thunfisch,,233,976,"22,4","15,2",0,0,0,0,"4,2","4,1","5,5","0,1",0,"0,5",1,0,"1,3",0,"0,2","0,2","0,6",0,0,0,9,"0,7",0,27,127,383,32,35,226,223,0,86,980,28,15,53,886,0,1426,1248,497,2323,286,745,3477,1007,1067,972,0,1457,1930,541,703,661,810,965,200,924,1201,0,0,1,1,1,1,1,1,1,1,1,1,1,1,1,1,1,1,1,1,1,1,1,1,1,1,0,0,2,Thunfisch,Thunfisch Konserve,Fisch,Fleisch & Fisch,lexolino
229,Thunfisch Konserve,Thunfisch Konserve,,233,974,"22,1","15,3",0,0,0,0,"4,5","4,1","5,3","0,1",0,"0,1","0,5",0,"0,6",0,"0,1","0,1","0,4",0,0,0,"4,8","0,4",0,29,1455,317,34,837,195,192,0,81,776,31,17,41,730,0,1366,1081,599,2314,285,821,3176,829,1009,1048,0,1686,1780,627,745,736,850,952,228,798,1194,0,0,1,1,1,1,1,1,1,1,1,1,1,1,1,1,1,1,1,1,1,1,1,1,1,1,0,0,2,Thunfisch,Thunfisch,Fisch,Fleisch & Fisch,lexolino
230,Thymian,Thymian,,47,196,"1,4","1,2","7,5","6,2","3,1",0,"0,6","0,1","0,2",0,0,"0,1",0,0,0,0,"0,1","0,1",0,0,0,0,"0,8",0,0,332,33,140,34,8,29,17,0,138,18642,70,1332,1,1015,0,78,54,95,136,15,154,220,42,24,56,0,95,75,18,43,54,40,55,14,29,61,1,1,1,1,1,1,1,1,1,1,1,1,1,1,1,1,1,1,1,1,1,1,1,1,1,1,0,0,2,Thymian,0,Gewürze & Kräuter,Gewürze & Kräuter,lexolino
231,Tofu,Tofu,,150,629,"16,7","8,5","0,7",0,"0,7",0,"1,3","1,6","5,1",0,0,0,0,0,"0,6",0,0,0,"0,2",0,0,0,"0,6","0,3",0,161,10,364,53,7,118,35,0,22,2500,12,651,1,213,0,693,1046,440,1823,137,679,2817,818,316,789,0,1137,750,211,797,1083,878,742,187,542,842,1,1,1,1,1,1,1,1,1,1,1,1,1,1,1,1,1,1,1,1,1,1,1,1,1,1,0,0,2,Tofu,0,Gemüse,Gemüse,lexolino
232,Tomate rot,Tomate rot,,18,74,1,"0,2","2,8","2,5","0,9",0,0,0,"0,1",0,0,"0,1",26,0,"0,8",0,"0,1",0,"0,1",0,0,0,"0,6","0,3",0,14,58,244,13,6,28,11,0,55,525,23,129,1,180,0,28,21,54,133,9,142,346,23,14,26,0,34,38,6,26,19,31,25,7,12,23,1,1,1,1,1,0,1,1,1,1,1,1,1,1,1,1,1,1,1,1,1,1,1,1,1,1,1,0,2,Tomate,0,Gemüse,Gemüse,lexolino
233,Tomate rot Konserve,Tomate,,14,60,"0,9","0,2","2,1","1,9","0,9",0,0,0,"0,1",0,0,"0,1","6,5",0,"0,9",0,0,0,"0,1",0,0,0,"0,3","0,2",0,16,455,145,10,206,23,9,0,71,384,25,115,3,169,0,31,23,47,104,9,142,318,23,14,23,0,33,33,6,22,18,29,25,7,12,23,1,1,1,1,1,0,1,1,1,1,1,1,1,1,1,1,1,1,1,1,1,1,1,1,1,1,0,0,2,Tomate,0,Gemüse,Gemüse,lexolino
234,Tomatenmark,Tomatenmark,,74,310,"4,5","0,2","13,3","11,6","2,9",0,0,0,"0,1",0,0,"0,2","37,2",0,"5,5",0,"0,2","0,1","0,4",0,0,0,"3,2","1,1",0,44,490,1162,46,262,94,62,0,578,1712,40,303,4,756,0,153,100,218,608,43,544,1520,104,62,112,0,164,168,25,105,88,140,136,35,64,111,1,1,1,1,1,0,1,1,1,1,1,1,1,1,1,1,1,1,1,1,1,1,1,1,1,1,0,0,2,Tomatenmark,0,Gemüse,Gemüse,lexolino
235,Topinambur,Topinambur,,30,126,"2,7","0,4","3,9","0,1",13,0,"0,1",0,"0,2",0,0,0,"4,2",0,"0,2",0,"0,2","0,1","0,1",0,0,0,"1,3","0,1",0,9,61,464,22,3,81,23,0,138,3515,9,63,0,65,0,108,185,315,289,39,333,306,114,50,73,0,131,99,35,82,83,121,98,32,66,101,1,1,1,1,1,1,1,1,1,1,1,1,1,1,1,1,1,1,1,1,1,1,1,1,1,1,0,0,2,Topinambur,0,Nüsse & Samen,Sonstiges,lexolino
236,Tortilla Wraps,Tortilla Wraps,,300,1260,"7,1",,49,,,,,,,,,,,,,,,,,,,,,,,,,,,,,,,,,,,,,,,,,,,,,,,,,,,,,,,,,,,1,1,1,0,1,0,1,1,0,1,1,1,1,1,1,1,1,1,1,1,1,1,1,1,1,1,0,0,2,Tortilla Wraps,0,"Getreideprodukte, Nährmittel, Backwaren",Backwaren,
237,Vanille,Vanille,,0,0,0,0,0,0,0,0,0,0,0,0,0,0,0,0,0,0,0,0,0,0,0,0,0,0,0,0,0,0,0,0,0,0,0,0,0,0,0,0,0,0,0,0,29,0,0,35,0,0,0,0,0,0,0,0,0,0,0,0,0,0,0,1,1,1,1,1,1,1,1,1,1,1,1,1,1,1,1,1,1,1,1,1,1,1,1,1,1,0,0,2,Vanille,0,Gewürze & Kräuter,Gewürze & Kräuter,lexolino
238,Vanillin echt,Vanillin echt,,0,0,0,0,0,0,0,0,0,0,0,0,0,0,0,0,0,0,0,0,0,0,0,0,0,0,0,0,0,0,0,0,0,0,0,0,0,0,0,0,0,0,0,0,41,0,0,14,0,0,0,0,0,0,0,0,0,0,0,0,0,0,0,1,1,1,1,1,1,1,1,1,1,1,1,1,1,1,1,1,1,1,1,1,1,1,1,1,1,0,0,2,Vanillin,0,Gewürze & Kräuter,Gewürze & Kräuter,lexolino
239,Walnuss,Walnuss,,706,2954,"14,3","65,2","9,8",0,"5,5",0,"7,2","14,9",40,0,0,0,"1,1",0,"6,7",0,"0,2","0,1","0,5",0,0,0,"0,7","0,5",0,85,19,455,114,2,343,135,0,857,2307,563,1649,3,2260,0,656,1442,478,1610,195,838,2820,793,246,467,0,787,256,163,490,723,740,407,129,419,622,1,1,1,1,1,1,1,1,1,1,1,1,1,0,1,1,1,1,1,1,1,1,1,1,1,1,1,1,3,Walnuss,Cashewnuss,Nüsse & Samen,Sonstiges,lexolino
240,Wasser,Wasser,,0,0,0,0,0,0,0,0,0,0,0,0,0,0,0,0,0,0,0,0,0,0,0,0,0,0,0,8,2,1,1,1,0,2,0,4,0,40,3,0,6,0,0,0,13,0,0,12,0,0,0,0,0,0,0,0,0,0,0,0,0,0,0,1,1,1,1,1,1,1,1,1,1,1,1,1,1,1,1,1,1,1,1,1,1,1,1,1,1,1,1,2,Wasser,0,Getränke,Getränke,lexolino
241,Weißbrot,Weißbrot,,238,995,"1,2","1,9","53,1",0,"1,8",0,"0,2","0,4","1,2",0,0,0,0,0,"1,1",0,0,0,0,0,0,0,"0,3","0,1",0,12,422,23,7,305,41,7,0,69,592,37,614,3,608,0,85,54,13,69,16,39,197,47,29,44,0,141,40,22,57,99,53,47,8,40,60,1,1,1,0,0,1,1,0,1,1,1,1,1,1,1,1,1,1,1,1,1,1,1,1,1,1,0,0,2,Weißbrot,0,"Getreideprodukte, Nährmittel, Backwaren",Aufschnitt,lexolino
242,"Weißwein (12,5% vol.)","Weißwein (12,5% vol.)",,300,300,75,0,"0,1","0,1",0,,0,0,0,0,,0,0,0,0,,"0,001","0,01","0,02","0,1",,1,"0,1","0,02",,10,5,95,10,2,15,,,,"0,6",,,10,"0,23",,,,,,,,,,,,,,,,,,,,,,,1,1,1,0,1,0,0,1,1,1,1,1,1,1,1,1,1,1,1,1,1,1,1,1,1,1,0,0,2,Weißwein,0,Getränke,Getränke,
243,Weißweinessig,Weißweinessig,,15,60,0,0,0,0,0,,0,,,,,,,,,,,,,,,,,,,,,,,,,,,,,,,,,,,,,,,,,,,,,,,,,,,,,,,1,1,1,0,1,0,0,1,1,1,1,1,1,1,1,1,1,1,1,1,1,1,1,1,1,1,0,0,2,Weißweinessig,0,Getränke,Sonstiges,
244,Weizen Kleie,Weizen,,165,690,14,"4,7","15,9","0,2","48,1",0,"0,7","0,6","2,2",0,0,0,0,0,"2,6","0,1","0,7","0,6","0,7",0,0,"0,2","17,7","2,3",0,74,137,1390,578,27,1198,65,0,1597,14061,97,3478,2,14231,0,850,1166,12,1212,417,32,3179,917,406,524,0,883,599,210,664,942,705,485,180,474,750,1,1,1,0,1,1,1,0,1,1,1,1,1,1,1,1,1,1,1,1,1,1,1,1,1,1,0,0,2,Weizen,0,"Getreideprodukte, Nährmittel, Backwaren",Backwaren,lexolino
245,Weizenmehl,Weizenmehl,,111,463,"3,3","0,4","23,2",0,"1,3",0,0,0,"0,2",0,0,0,0,0,"0,1",0,0,0,0,0,0,0,"0,2","0,1",0,6,20,46,8,1,29,41,0,72,652,21,192,0,411,0,109,128,10,147,75,40,1218,134,68,139,0,248,60,47,181,398,164,91,35,96,146,1,1,1,0,1,1,1,0,1,1,1,1,1,1,1,1,1,1,1,1,1,1,1,1,1,1,0,0,2,Weizen,Dinkelmehl (Vollkorn),"Getreideprodukte, Nährmittel, Backwaren",Backwaren,lexolino
246,Wiener (Wurst),Wiener (Wurst),,312,1307,"14,7","27,1","0,2","0,2","0,1",0,"9,4","13,1","3,2","0,1",0,0,"22,9",0,"0,3",0,"0,5","0,2","0,3",0,0,0,"2,5","0,3",0,12,1104,236,18,804,132,135,0,61,964,46,68,2,1622,0,759,785,510,1330,167,802,2093,692,464,702,0,940,1272,373,571,605,576,638,163,502,711,0,0,0,1,1,1,1,1,1,1,1,1,1,1,1,1,1,1,1,1,1,1,1,1,1,1,0,0,2,Würstchen,0,Fleisch,Fleisch & Fisch,lexolino
247,Zimt,Zimt,,282,1179,4,"3,3","57,7","43,5","24,4",0,"0,9","0,7","0,7",0,0,0,0,0,0,0,"0,1","0,1",0,0,0,0,"1,3",0,0,1179,213,470,55,25,60,92,0,488,41529,49,5244,5,2049,0,69,92,1057,467,16,806,356,95,61,106,0,156,129,25,89,98,98,80,22,43,152,1,1,1,1,1,1,1,1,1,1,1,1,1,1,1,1,1,1,1,1,1,1,1,1,1,1,0,0,2,Zimt,0,Gewürze & Kräuter,Gewürze & Kräuter,lexolino
248,Zitrone,Zitrone,,39,165,"0,7","0,6","7,7","6,7","1,4",0,"0,1",0,"0,3",0,0,0,"50,4",0,"0,4",0,"0,1",0,"0,1",0,0,0,"0,2","0,3",0,11,5,152,29,3,17,13,0,322,455,11,28,0,131,0,44,41,72,100,9,54,76,68,10,19,0,19,32,10,23,37,20,10,4,14,24,1,1,1,1,1,0,1,1,1,1,1,1,1,1,1,1,1,1,1,1,1,1,1,1,1,1,0,0,2,Zitrone,0,Gemüse,Gemüse,lexolino
249,Zitrone Fruchtsaft,Zitrone Fruchtsaft,,84,350,"0,6","0,4","19,1","4,6","0,1",0,"0,1",0,"0,2",0,0,0,"27,6",0,"0,3",0,0,0,0,0,0,0,"0,1","0,2",0,10,4,120,23,2,14,12,0,306,401,8,30,0,108,0,30,33,73,83,7,53,61,52,9,14,0,13,26,9,21,29,16,8,3,10,18,1,1,1,1,1,0,1,1,1,1,1,1,1,1,1,1,1,1,1,1,1,1,1,1,1,1,1,0,2,Zitrone,0,Getränke,Getränke,lexolino
250,Zucchini,Zucchini,,20,82,"1,7","0,4","2,2","1,2","1,2",0,"0,1",0,"0,2",0,0,"0,1",15,0,"0,5",0,"0,1","0,1","0,1",0,0,0,"0,4","0,1",0,32,42,188,21,1,24,26,0,78,1470,20,144,2,216,0,76,70,198,175,14,281,249,47,25,61,0,96,89,20,51,48,71,37,18,42,60,1,1,1,1,1,1,1,1,1,1,1,1,1,1,1,1,1,1,1,1,1,1,1,1,1,1,0,0,2,Zucchini,0,Gemüse,Gemüse,lexolino
251,Zucchini gegart,Zucchini gegart,,18,77,"1,5","0,4","2,2","1,3","1,2",0,"0,1",0,"0,2",0,0,"0,1","8,2",0,"0,5",0,"0,1","0,1","0,1",0,0,0,"0,3","0,1",0,31,46,165,24,1,21,24,0,87,1474,22,137,2,217,0,70,70,103,188,13,127,232,49,26,56,0,87,76,17,53,44,73,40,20,45,67,1,1,1,1,1,1,1,1,1,1,1,1,1,1,1,1,1,1,1,1,1,1,1,1,1,1,0,0,2,Zucchini,0,Gemüse,Gemüse,lexolino
252,Zucker,Zucker,,414,1731,0,0,"101,8",0,0,0,0,0,0,0,0,0,0,0,0,0,0,0,0,0,0,0,0,0,0,1,2,2,0,0,0,0,0,15,287,0,10,0,21,0,0,0,41,0,0,36,0,0,0,0,0,0,0,0,0,0,0,0,0,0,0,1,1,1,0,1,1,1,1,1,1,1,1,1,1,1,1,1,1,1,1,1,1,1,1,1,1,0,0,2,Zucker,Süßstoff (flüssig),Gewürze & Kräuter,Gewürze & Kräuter,lexolino
253,Zuckermais,Zuckermais,,90,377,"3,5","1,3","15,7","0,7","2,7",0,"0,2","0,3","0,5",0,0,0,"10,9",0,"0,1",0,"0,2","0,1","0,2",0,0,0,"1,7","0,8",0,6,10,276,46,1,119,31,0,61,572,20,202,3,1090,0,265,139,70,230,24,201,655,117,77,140,0,372,137,57,167,277,157,127,21,120,189,1,1,1,1,1,0,1,1,1,1,1,1,1,1,1,1,1,1,1,1,1,1,1,1,1,1,0,0,2,Zuckermais,0,Gemüse,Gemüse,lexolino
254,Zwiebel,Zwiebel,,26,111,"1,3","0,3","4,6","2,8","1,9",0,"0,1",0,"0,1",0,0,0,"7,7",0,"0,1","0,3",0,0,"0,1",0,0,0,"0,2","0,2",0,31,41,132,11,9,43,53,0,48,535,44,83,2,205,0,31,161,106,62,22,320,188,49,15,25,0,33,60,14,36,41,33,20,19,41,24,1,1,1,1,1,1,1,1,1,1,1,1,1,1,1,1,1,1,1,1,1,1,1,1,1,1,0,0,2,Zwiebel,0,Gemüse,Gemüse,lexolino
255,Zwiebel (rot),Zwiebel (rot),,28,117,"1,3","0,2","4,9","3,8","1,8",,"0,1",0,"0,1",0,0,0,"7,7",0,"0,1","0,3",0,0,"0,1",0,0,0,"0,2","0,2",0,31,41,132,11,9,43,53,0,48,535,44,83,2,205,0,31,161,106,62,22,320,188,49,15,25,0,33,60,14,36,41,33,20,19,41,24,1,1,1,1,1,1,1,1,1,1,1,1,1,1,1,1,1,1,1,1,1,1,1,1,1,1,0,0,2,Zwiebel,0,Gemüse,Gemüse,http://fddb.info/db/de/lebensmittel/naturprodukt_rote_zwiebel_frisch_zwiebel/index.html
256,Aubergine,Aubergine,,17,73,"1,2","0,2","2,7",2,"2,9",0,0,0,"0,1",0,0,0,"5,1",0,0,0,0,0,"0,1",0,0,0,"0,6","0,2",0,12,57,220,11,3,22,30,0,96,395,21,188,0,294,0,57,61,33,195,6,34,204,49,26,53,0,73,50,11,55,54,49,45,11,42,58,1,1,1,1,1,1,1,1,1,1,1,1,1,1,1,1,1,1,1,1,1,1,1,1,1,1,1,0,1,Aubergine,0,Gemüse,Gemüse,lexolino